{
    "translations": {
        "Tahlilda qo‘llaniladigan manbalar": "3 guruhdan iborat",
        "Tahlilda eng ko‘p qo‘llaniladigan usul": "Taqqoslash",
        "Taqqoslovchi schyotlar deb": "Taqsimot nazorati",
        "Mahsulot xajmini ifodalovchi ko‘rsatkichlar": "3 tadan iborat",
        "Kalkulatsion schyotlar": "Sarflangan xarajatni aniqlovchi schyotlarga aytiladi",
        "O‘zbekiston Respublikasi 21-sonli BHMSga muvofiq schyotlar rejasi nechta qism va bo‘limdan iborat?": "5 qism va 9 bo‘lim",
        "Umumishlab chiqarishga materiallar berildi.": "Dt2510 Kt1010",
        "Korxonaning yordamchi avtotransporti ta’mirlash zavodida ta’mirlandi.": "debet 2310 kredit6010",
        "CHet el amaliyoti “Uchyot va hisobotini”": "2 qismga bo‘ladi",
        "“Analisiys” so‘zining ma’nosi": "Bo‘laman",
        "Buxgalter so‘zining ma'nosi qaysi javobda to‘g‘ri ko‘rsatilgan?": "Nemischa buch-kitob, halten-tutmoq",
        "Tovar-moddiy zaxiralar inventarizatsiyasi qaysi BHMS asosida o‘tkaziladi?": "4,19-BHMS",
        "Asosiy ishlab chiqarishga yoqilg‘i materiallari sarflandi. Provodkada aks ettiring.": "Debet 2010 Kredit 1030",
        "Materiallarni sotib olish vaqtiga qarab inflyasiya paytida qaysi bahoda hisoblash maqsadga muvofiq va bu usul foyda summasini to‘g‘riroq hisoblashga olib keladi.": "LIFO",
        "Materiallarning bahosini aniqlash LIFO usuli nimani bildiradi?": "oxirgi olingan material tannarxida",
        "Materiallarning bahosini aniqlashdagi FIFO usuli nimani anglatadi?": "birinchi olingan materialning tannarxida",
        "Baholash – bu….": "xo‘jalik mablag‘lari va jarayonlarini pul o‘lchov birligida ifodalash",
        "Debet 2010 kredit 0220 buxgalteriya yozuvi qanday operasiyani anglatadi?": "ishlab chiqarishda foydalanilayotgan asosiy vositalarga eskirish hisoblash",
        "Hisob siyosati kim tomonidan tasdiqlanadi?": "korxona jamoa tomonidan",
        "Ishlab chiqarishdan olingan mahsulot (ish, xizmat)larning xaqiqiy tannarxda aks ettirilishi va kirim qilinishi?": "debet 2810 kredit 2010",
        "Kalkulyatsiya – bu…": "mahsulot tannarxini aniqlash",
        "Buxgalteriya hisobi obyektlarini aniqlang?": "Uzoq muddatli va joriy aktivlar, majburiyatlar, xususiy kapital, zahiralar, daromadlar va xarajatlar, foyda, zararlar hamda ularning harakati bilan bog‘liq xo‘jalik operatsiyalari",
        "Buxgalteriya hisobi asosan qanday funktsiyalarni bajaradi?": "Nazorat, tahliliy, mulkning butligini ta’minlash va axborot",
        "Xo‘jalik hisobi turlarida qanday o‘lchov birliklari qo‘llaniladi?": "Miqdor, pul va mehnat o‘lchovlari",
        "Xo‘jalik hisobining qanday turlari mavjud?": "Operativ,statistik, buxgalteriya",
        "Quyidagilardan qaysilari buxgalteriya hisobi subyektlari hisoblanadi?": "O‘zbekiston Respublikasida ro‘yxatga olingan yuridik shaxslar, sho‘ba korxonalari, filiallari, bo‘linmalari",
        "Ikkiyoqlama yozuvning asoschisi kim hisoblanadi?": "Luka Pacholi",
        "Hisobot davri oxiriga sal'doga ega bo‘lib, buxgalteriya balansida aks ettiriladigan aktivlar, majburiyatlar, sarmoyalarni aks ettiruvchi schyotlar- bu...?": "doimiy schyotlardir",
        "Iqtisodiy mazmunga ko‘ra schyotlar": "4 guruhdan iborat",
        "Korxonaning asosiy ishlab chiqaridagi stanokka 2500000 so‘mlik amortizatsiya hisoblangan. Buxgalteriya provodkasini aniqlang?": "Debet 2010 Kredit 0230",
        "31.4-BHMSga muvofiq buxgalteriya balansining “Tovar- moddiy zaxiralari” satrida qaysi schyotlar birlashtirilgan?": "1000, 1100, 1500, 1600, 2000, 2100, 2300, 2500, 2600, 2700, 2800, 2900",
        "Yordamchi ishlab chiqarishdagi stanoklarga eskirish hisoblandi. Ushbu muomalaga qanday provodka beriladi?": "Debet 2310 Kredit 0230",
        "Asosiy ishlab chiqarishga yarim tayyor mahsulot berildi, ushbu muomalaga qanday provodka beriladi?": "Debet 2010 Kredit 1020",
        "Asosiy vosita operativ ijaraga olganda qanday provodka beriladi?": "Kirim 001",
        "Asosiy vositalar ishlab chiqarishga qatnashishi nuqtai nazaridan qanday turlarga bo‘linadi?": "ishlab chiqarishga taalluqli asosiy vositalari va noishlab chiqarishga taalluqli asosiy vositalar",
        "Asosiy vositalar korxona o‘z hisobidan qurilganda yoki sotib olinganda qaysi schyotlarda aks ettiriladi?": "Debet 0810-0820 Kredit 5110",
        "Asosiy schyotlar bu:": "Sarflangan xarajat nazorati",
        "“Hisob-kitob schyotidan kassaga pul olib kelindi” – bu xo‘jalik muomalasi ta’sirida balansda qanday o‘zgarish ro‘y beradi?": "Faqat aktiv tomonda o‘zgarish ro‘y beradi va balansning umumiy summasi o‘zgarmaydi",
        "Kassadan xodimga mukofot to‘landi. Ushbu muomala nechanchi tur o‘zgarishga tegishli?": "4-tur",
        "“Debet” so‘zi qanday ma’noni bildiradi?": "Lotincha so‘z bo‘lib, “u qarzdor” ma’nosini bildiradi",
        "“Kredit” so‘zi qanday ma’noni bildiradi?": "Lotincha so‘z bo‘lib, “ishondi” ma’nosini bildiradi",
        "Doimiy schyotlar deganda nimani tushunasiz?": "Hisobot davri oxirida saldoga ega bo‘lib, buxgalteriya balansida aks ettiriladigan aktivlar va passivlarni hisobga oladigan schyotlar",
        "Tranzit schyotlar xususiyati nimadan iborat?": "Hisobot davrining boshi va oxiriga qoldiq qolmaydigan, moliyaviy natijalarni hisobga oladigan schyotlardir",
        "Aktiv schyotlarda qoldiqlar qaysi tomonda aks ettiriladi?": "Debet tomonda",
        "Buxgalteriya balansining passiv qismi qaysi bo‘limlardan iborat ekanligini ko‘rsatib bering.": "Uzoq muddatli aktivlar va majburiyatlar",
        "Ishchilarga kassadan ish haqi berildi, muomalasi balansning qaysi xil (tip) o‘zgarishiga tegishli?": "1 xil",
        "Passiv schyotlarda nimalar hisobga olinadi?": "Xo‘jalik mablag‘lari va uning manbalari",
        "Quyidagilarning qaysi biri doimiy schyotlarga kiradi?": "Aktivlar, majburiyatlar va xususiy kapitalni aks ettiruvchi schyotlar",
        "Ikkiyoqlama yozuv – bu…": "Xo‘jalik jarayonlarini hujjatlashtirish",
        "Materiallarning baxosini aniqlashdagi FIFO usuli nimani bildiradi?": "Materiallarning ulgurji o‘rtacha baxosida",
        "Qo‘shilgan qiymat solig‘i bo‘yicha oldindan (avans) o‘tkazib berildi, muomalasi balansning qaysi xil (tip) o‘zgarishiga tegishli?": "4 xil",
        "Foyda solig‘i bo‘yicha qarzdorlik soliq organiga o‘tkazib berildi, muomalasi balansning qaysi xil (tip) o‘zgarishiga tegishli?": "3 xil",
        "Buxgalteriya balansi - bu …": "Pulda ifodalangan va muayyan sanaga xo‘jalik mablag‘larining turlari va tashkil topish manbalari bo‘yicha iqtisodiy guruhlashtirish va jadval asosida umumlashtirish usulidir",
        "Asosiy vositalar tarkibiga qanday vositalar kiritiladi:": "Foydalanish muddati 1 yildan ko‘p bo‘lgan asosiy vositalar",
        "Asosiy vositalarning hisobi quyidagi schyotda olib boriladi:": "01 schyotda",
        "Asosiy vositalarning eskirish hisobi:": "02 schyotda",
        "Buxgalteriya balansi deb:": "Korxona mablag‘lari va manbasini guruhlash",
        "Buxgalteriya balansi:": "2 qismda",
        " Buxgalteriya balansining tavsifi nimadan iborat?": "Buxgalteriya balansi ma’lum bir muddatga xo‘jalik mablag‘lari haqida ma’lumotlar olish uchun xizmat qiladi.",
        "Xo‘jalik mablag‘lari balans aktivida qanday bo‘limlarga bulinadi?": "Asosiy vositalar va aylanma aktivlar",
        "Buxgalteriya provodkalari qanday turlardan iborat?": "Oddiy va murakkab.",
        "Aralash schyotlarda qoldiqlar qaysi tomonda aks ettiriladi?": "Debet va kredit tomonda.",
        "Gudvilning eskirishi schyot turi bo‘yicha qaysiga qarashli": "Passiv schyotlar.",
        "Debet schyot «Asosiy ishlab chiqarish» kredit schyot «Materiallar» buxgalteriya yozuvi bildiradi.": "Korxonada xom-ashyo materiallar asosiy ishlab chiqarishga berilganini.",
        "Tayyor mahsulotlar xaridorlarga sotilganda quyidagicha buxgalteriya provodkasi beriladi.": "Debet «Xaridorlar bilan hisob-kitoblar» Kredit «Tayyor mahsulotlar»",
        "Xo‘jalik faoliyatining prinsiplari:": "3 qismga bo‘ladi",
        "Buxgalteriya hisobotlarini topshirishi lozim bo‘lgan organlar qaysida to‘liq berilgan?": "Yuqori tashkilotga, statistika organiga, tijorat bankiga",
        "O‘rganadigan davriga karab iqtisodiy tahlilning turini belgilang:": "Joriy, boshqaruv va moliyaviy",
        "Tizimli tahlil nechta bosqichdan iborat?": "Beshta",
        "Moliyaviy menejmentda tahlil tamoyillari deganda:": "Xolisonalik, to‘g‘rilik, kompleks va tizimlilik",
        "Yillik moliyaviy hisobotga qaysi shakllar kiradi?": "Buxgalteriya balansi, moliyaviy natijalar, asosiy vositalar, pul oqimlari, debitorlik va kreditorlik qarzlar to‘g‘risidagi ma’lumotnoma",
        "Tahlil fanining metodi deganda:": "Materialistik dialektiv yondashish tushuniladi",
        "Asosiy vositalarni turlari bo‘yicha guruhlashdan maqsad:": "Analitik hisobni tashkil etish",
        "Asosiy vositalarning dastabki qiymatini o‘zgartirish holati:": "Xukumat qarori bilan",
        "Asosiy vositalarni dastabki qiymatining aniqlanishi:": "Boshlang‘ich qiymatdan eskirish qiymati ayrilganda",
        "Buxgalteriya balansining aktiv tomonida nimalar ko‘rsatiladi?": "Korxona mablag‘lari manbalari",
        "Buxgalteriya balansining passiv tomonida nimalar ko‘rsatiladi?": "Korxona mablag‘larining joylanishi",
        "Xo‘jalik yurituvchi subyektlar yillik buxgalteriya hisobotini topshirish muddati:": "Kelasi yil 25-yanvar oyi",
        "Korxonaga tegishli asosiy vositalar, nomoddiy aktivlar ular balansning qaysi tomonida ko‘rsatiladi?": "Mablag‘ turi balansning passiv tomonida",
        "Buxgalteriya hisobining qaysi shaklida sintetik schyotlar bo‘yicha oborot qaydnomasi tuzilmaydi?": "Jurnal-order shaklida",
        "Operativ hisobning o‘ziga xos xususiyati nimada?": "Ma’lumotlarni tezda raxbariyatga yetkazadi",
        "Buxgalteriya hisobining o‘ziga xos xususiyati nimada?": "Barcha jarayonlar xujjatlashtiriladi",
        "Buxgalteriya ma’lumotlari qaysi o‘lchov birlik bilan jamlanadi?": "Natura, mehnat, va pul o‘lchovlari",
        "Buxgalteriya hisobi jarayonlarini qanday qayd qiladi?": "Uzluksiz ravishda",
        "Buxgalteriya hisobi metodining asosiy elementlari": "Hujjatlashtirish, inventarizatsiya, baholash, kalkulyatsiya, ikki yoqlama yozuv va schyotlar tizimi",
        "Buxgalteriya balansining tavsifi nimadan iborat?": "Ma’lum bir muddatga xo‘jalik mablag‘lari haqida ma’lumotlar olish uchun xizmat qiladi",
        "Balans aktivida mablag‘lar qanday guruhlanadi?": "Mablag‘ turlari va joylanishi bo‘yicha",
        "Balans passivida mablag‘lar qanday guruhlanadi?": "Tashkil topish manbai va foydalanishi bo‘yicha",
        "Xo‘jalik mablag‘lari balans aktivida qanday bo‘limlarga bo‘linadi?": "Asosiy vositalar va aylanma aktivlar",
        "Ikki yoqlama yozuvning mohiyati nimadan iborat?": "Xo‘jalik operatsiyasi ta’sirida buxgalteriya hisobi obyektlaridagi o‘zgarishlar schyotlarda aks ettiriladi",
        "Passiv schyotlarda qoldiqlar qaysi tomonda aks ettiriladi?": "Kredit tomonda",
        "Ombordagi arzon baxoli va tez eskiruvchi buyumlar schyot turi bo‘yicha qaysiga qarashli:": "Aktiv schyotlar",
        "Idish va idish materiallar schyot turi bo‘yicha qaysiga qarashli": "Aktiv schyotlar",
        "Tulanadigan veksellar schyot turi bo‘yicha qaysiga qarashli": "Passiv schyotlar",
        "Zaxira kapitali schyot turi bo‘yicha qaysiga qarashli": "Passiv schyotlar",
        "Sotib olingan xususiy aksiyalar schyot turi bo‘yicha qaysiga qarashli": "Aktiv schyotlar",
        "Sotilgan tovarlar tannarxi schyot turi bo‘yicha qaysiga qarashli": "Aktiv schyotlar",
        "Bevosita xarajatlar bular:": "Ishlab chiqarishga sarflangan materiallar xarajati",
        "Debet schyot «Asosiy ishlab chiqarish» kredit schyot «Materiallar» buxgalteriya yozuvi bildiradi:": "Korxonada xom-ashyo materiallar asosiy ishlab chiqarishga berilganini",
        "Tayyor mahsulot ishlab chiqarishdan qabul qilinganda buxgalteriya provodkasi beriladi:": "Debet «Tayyor mahsulotlar» Kredit «Asosiy ishlab chiqarish»",
        "Ishlab chiqarish asosiy vositalarga eskirish qanday hisoblanadi va qanday provodka tuziladi ?": "Debet «Asosiy ishlab chiqarish» Kredit «Asosiy vositalar eskirishi».",
        "Xujjatlashtirish nima ma’noni anglatadi?": "Xo‘jalikda sodir bo‘layotgan jarayonlarni xujjatlar bilan rasmiylashtirish.",
        " Quyidagi ta’riflardan qaysi xujjatlarni to‘liq tavsiflaydi?": "Hamma javoblar to‘g‘ri. Xujjatlar-buxgalteriya hisobini yuritish uchun yoziladigan yozma buyruq. Xujjatlar operatsiyalarning amalga oshirilganligini isbotlovchi dalil. Xujjatlar-buxgalteriya hisobi yozuvlarini bajarish uchun yozma dalil.",
        "Xujjatlar rekvizitlari nimani bildiradi?": "Xujjatda qayd qilingan xo‘jalik operatsiyalarini xarakterlovchi ko‘rsatkichlarni.",
        "Xujjatlar qanday guruhlanadi?": "Bajarilgan vazifasi bo‘yicha.",
        "Inventarizatsiya deganda nimani tushunasiz?": "Moddiy boyliklar, pul va hisob-kitoblarni haqiqiy qoldig‘ini aniqlab, ro‘yxatga yozib, ularning hisob ma’lumotlari bilan taqqoslashdir.",
        " Quyidagi tushunchalardan qaysi birida hisob registrining mohiyati to‘liq yoritilgan?": "Buxgalteriya hisobi ma’lumotlarini jamlaydigan, guruhlaydigan boshlang‘ich xujjatlardir.",
        "Quyidagilardan qaysi biri hisob registrlari turlari to‘liq berilgan?": "Kitoblar, jurnallar, daftarlar, kartochkalar, varaklar.",
        "Hisob registrlari yozuv mazmuniga qarab qanday guruhlarga bo‘linadi?": "Sintetik, analitik hisob yozuvlari.",
        "Hisob registrlardagi xatoni tuzatish usullari": "Hammasi to‘g‘ri. Korrektura, o‘chirib to‘g‘ri yozish, qizil yozuv. Korrektura, qizil yozuv, storno. Korrektura, qizil yozuv va provodka.",
        "Tahlil fanining predmeti deb": "Barcha javoblar to‘g‘ri. Xo‘jaliklarning ishlab chiqarish mablag‘laridan foydalanishini o‘rganishga aytiladi. Xo‘jalik jarayonlarini iqtisodiy manbalardan foydalanib o‘rganishga aytiladi. Xo‘jaliklarning mahsulot ishlab chiqarish jarayonlarini o‘rganishga aytiladi.",
        " Passiv schyotlarda qoldiqlar qaysi tomonda aks ettiriladi?": "Kredit tomonda.",
        " Ikkiyoqlama yozuv deganda nimani tushunasiz?": "Har bir xo‘jalik operatsiyasining summasi: bir schyot debetida va ayni vaqtda o‘zaro bog‘liq bo‘lgan boshqa schyotning kreditida qayd qilinishi.",
        "Xom ashyoning tekin kelib tushishi qaysi schyotlarda aks ettiriladi?": "Debet 1010 Kredit 8530.",
        "Materiallarni bir ombordan boshqasiga jo‘natish uchun qanday hujjat tuziladi?": "Yuk xati.",
        "Asosiy ishlab chiqarishda ortib qolgan benzin omborga qaytarilsa qanday provodka beriladi?": "Debet 1030 Kredit 2010.",
        "Keladigan materiallarni ro‘yxatga olish jurnaliga qaysi hujjat asosida qaydlar qilinadi?": "Transport yuk hujjatlari, TMZlarni qabul qilish dalolatnomalari, kirim orderlari.",
        "Tovar moddiy zaxiralarga amortizatsiya qaysi usulda hisoblanadi?": "Amortizatsiya hisoblanmaydi.",
        "Asosiy ishlab chiqarishga materiallar sarf qilindi. Ushbu muomalaga qanday provodka beriladi?": "Debet 2010 Kredit 1010.",
        "Tayyor mahsulotning haqiqiy tannarxi hisob narxidan 5000 so‘mga kam bo‘lsa qanday o‘tkazmalar rasmiylashtiriladi (qizil storno usulida)?": "Debet 2810 Kredit 2010.",
        "Ikkiyoqlama yozuv deganda nimani tushunasiz?": "Bir operatsiyani ikkita schyotda qayd etish.",
        "Axborotlarni taqdim etish nuqtai nazardan buxgalteriya hisobi turlarini aniqlang?": "Moliyaviy hisob va boshqaruv hisobi.",
        "Buxgalteriya balansi aktiv tomoni ikkinchi bo‘limining nomini aniqlang?": "Joriy aktivlar.",
        "Buxgalteriya hisobida qaysi o‘lchov birligi muhim hisoblanadi?": "Pul (qiymat).",
        "Buxgalteriya balansi passiv tomoni ikkinchi bo‘limining nomini aniqlang?": "Majburiyatlar.",
        "Buxgalteriya balansida tadbirkorlik subyektining mablag‘lari qaysi xususiyatiga ko‘ra joylashtiriladi?": "Hizmat muddatiga ko‘ra.",
        "\"Buxgalteriya hisobi to‘g‘risidagi\" qonunda (3-moddasi) buxgalteriya hisobining nechta prinsipi ko‘rsatilgan?": "3.",
        "Buxgalteriya hisobi to‘g‘risida”gi O‘zbekiston Respublikasining Qonunining yangi tahriri qachon qabul qilingan?": "2016 yil 13 aprel.",
        "Aktiv schyotlarda oxirgi qoldiqni aniqlanishini ko‘rsating.": "Oq=Bosh qoldiq + Kredit oborot – Debet oborot.",
        "Boshlang‘ich hisob xujjatlarga qachon yozuvlar qilinadi?": "Operatsiyalar amalga oshirilayotganda yoki amalga oshirilgandan so‘ng.",
        "Tovar-moddiy zaxiralar buxgalteriya balansining qaysi bo‘limida aks ettiriladi?": "Joriy aktivlar.",
        "Asosiy vositalarning guruhlarga bo‘lishning tasnif belgilarini aniqlang?": "Bajaradigan vazifasi, obyektlardan foydalanish darajasi va natural-moddiy tarkibiga ko‘ra.",
        "Xo‘jalik operatsiyalari ta‘sirida buxgalteriya balansida necha hil (tip) o‘zgarish sodir bo‘ladi?": "4.",
        "Xodimlarga ish haqqi berilsa bu balansdagi qaysi tip o‘zgarishga tegishli bo‘ladi?": "4 o‘zgarish.",
        "Mol yetkazib beruvchilarga pul mablag‘lari o‘tkazib berilganda 6010 schyotning qaysi tomoniga yozuv qilinadi?": "Debet.",
        "Majburiyatlar balansda necha turga bo‘lib aks ettiriladi?": "2.",
        "Asosiy vositalarga amortizasiya hisoblashning necha hil usullari mavjud?": "4.",
        "Korxona rahbarining avtomashinaga 150000 so‘mlik amortizatsiya hisoblangan. Buxgalteriya provodkasini aniqlang?": "Debet 9420 Kredit 0260.",
        "Debet 8610 Kredit 5110 provodkasining ma’nosi nima?": "Hisob kitob schyotidan pul o‘tkazish orqali xususiy oddiy aksiyalar sotib olingan.",
        "Ko‘rgazmadan omborga tayyor mahsulotlarning kirim qilinishi qanday aks ettiriladi?": "Debet 2810 Kredit 2820.",
        "Hisob siyosati nima?": "Bu buxgalteriya hisobini yuritish va moliyaviy hisobot tuzish uchun xo‘jalik yurituvchi subyekt qo‘llaydigan usullarning jamlanmasi.",
        "Korxona hisob siyosatining mohiyati O`zbekiston Respublikasi buxgalteriya hisobining qaysi milliy standartida bayon etilgan?": "BHMS №1.",
        "Korxonaga tegishli asosiy vositalar balansning qaysi tomonida ko‘rsatiladi?": "Mablag‘ turi balansning aktiv tomonida.",
        "Materiallarni bir ombordan boshqasiga jo‘natish uchun qanday hujjat zarur bo‘ladi?": "Ichki foydalanishdagi yuk xati.",
        "Me’yoriy-huquqiy hujjatlarga binoan, qanday hollarda tasdiqlangan hisob siyosatiga o‘zgartirishlar kiritish mumkin?": "Davlat qonunlari o‘zgarganda; hisobni olib borishining yangi shakllari va usullari joriy etilganda.",
        "Ombordagi tayyor mahsulotlar qanday baholarda baholanadi?": "Haqiqiy va reja tannarx.",
        "Balans passivida qanday bo‘limlar bor?": "O‘z mablag‘lari manbai va majburiyatlar.",
        "Buxgalteriya balansi necha qismdan iborat va ular qaysilar?": "2 ta qism: aktiv va passiv.",
        "Balans passivida mablag‘lar manbai qanday guruhlanadi?": "O‘z mablag‘lari manbasi va majburiyarlar.",
        "Buxgalteriya balansining faqat passiviga ta’sir qiladigan muomalani toping?": "Taqsimlanmagan foyda hisobidan rezerv kapitaliga o‘tkazildi.",
        "Stanok sotib olindi, lekin puli to‘lanmadi. Ushbu muomala nechanchi tur o‘zgarishga tegishli?": "3-tur.",
        "Tartibga soluvchi schyotlar deb:": "Holatni to‘g‘rilovchi.",
        "Murakkab buxgalteriya provodka(o‘tkazma)si nima?": "Ma’lum bir operatsiyaning summasi bir schyotning debeti, boshqa bir qancha schyotlarning kreditida yoki aksincha, bir schyotning krediti va bir nechta schyotlarning debetida aks ettirilishi.",
        "TMZlarni baholash qaysi BHMS bilan tartibga solinadi?": "4– BHMS.",
        "\"Asosiy vositalar\" schyoti qanday schyot?": "Aktiv.",
        "Tranzit schyotlarda hisobot yilining oxirida qoldiq qoladimi?": "Qolmaydi.",
        "Asosiy xo‘jalik jarayonlari tarkibiga qanday jarayonlar kiradi?": "Ta’minot, ishlab chiqarish, sotish.",
        "Sintetik schyotlar qanday ma’lumotlarni beradi?": "Xo‘jalik mablag‘lari va muomilalari haqida umumlashtirilgan ko‘rsatkichlarni.",
        "Analitik schyotlar qanday ma’lumotlarni beradi?": "Natura va pul o‘lchovidagi ma’lumotlarini.",
        "Mol yetkazib beruvchidan xom ashyo sotib olindi, lekin puli to‘lanmadi, ushbu muomalaga qanday provodka beriladi?": "Debet 1010 Kredit 6010.",
        "Passiv schyotlarda oxirgi qoldiqning aniqlanishini ko‘rsating.": "Oq=Kredit oborot + Debet oborot.",
        "Buxgalteriya hisobining usul(metod)lari to‘g‘ri keltirilgan qatorni aniqlang?": "Hujjatlashtirish va inventarizatsiya, baholash va kalkulyatsiya, schyotlar tizimi va ikkiyoqlama yozuv, balans va hisobot.",
        "Olinadigan schyotlar balansning qaysi bo‘limida ko‘rsatiladi?": "Passiv, 1-bo‘limida.",
        "Balans valyutasi deb nimaga aytiladi?": "Balans jami summasi.",
        "Ustav kapitali balansning qaysi bo‘limida ko‘rsatiladi?": "Passiv, 1-bo‘limida.",
        "Material qiymatliklarining inventarizatsiyasi qachon o‘tkaziladi?": "Rejali muddatda, hisobot tuzishdan oldin, moddiy javobgar shaxs almashlanganda, kamomad va o‘g‘irlik aniqlanganda hamda moddiy qiymatliklar nobud bo‘lganda.",
        "Taqsimlovchi schyotlar deb:": "Taqsimlash nazorati.",
        "Quyidagi ta’riflardan qaysi xujjatlarni to‘liq tavsiflaydi?": "Xujjatlar- xo‘jalik operatsiyalarini amalga oshirilganligini isbotlovchi yozma dalil yoki amalga oshirishni talab kiluvchi yozma buyruqdir.",
        "Quyidagi tushunchalardan qaysi birida hisob registrining mohiyati to‘liq yoritilgan?": "Xo‘jalik mablag‘lari, ularning manbaidagi uzgarishlarni iqtisodiy mazmuniga muvofiq guruhlashtirib qayd qilish uchun foydalaniladigan maxsus jadvallar.",
        "Hisob registrlardagi xatoni tuzatish usullari :": "Hammasi to‘g‘ri.",
        " Buxgalteriya balansining passiv tomonida nimalar ko‘rsatiladi?": "Korxona mablag‘larining tashkil manbai.",
        "Tahlilning turlari:": "2 qismga bo‘ladi.",
        "Necha kundan so‘ng muddati o‘tgan qarzdorlik “debitor” qarz hisoblanadi:": "60 kun.",
        "Mahsulot sortlarga bo‘linganda uning sifati quyidagicha aniqlanadi:": "3 nav.",
        "Reklamatsiya deb:": "Mahsulotga e’tiroz berishga aytiladi.",
        "Yuridik shaxslarning pul mablag‘lari tashkil topishi:": "1998 yilda ro‘yxatga olingan.",
        "Amaliyotda pul mablag‘larining turkumlari:": "3 qismdan iborat.",
        "Buxgalteriya hisobi necha xil shaklda yuritiladi:": "Memorial - order, jurnal - order, bosh kitob.",
        "Ikki yoqloma yozuv deb:": "Bir vaqtning o‘zida 2 schyotning qarama-qarshi tomoni aks ettitrilishiga aytiladi.",
        "Hisobotda qaysi o‘lchov birliklaridan foydalaniladi:": "Barcha javoblar to‘g‘ri.",
        "Xujjatlarning rekvizitlarida nima aks ettiriladi:": "Xujjatning nomi va tuzilgan sanasi.",
        "Korxonaning xususiy kapitaliga nimalar kiradi:": "Ustav kapitali.",
        " Asosiy vositalar tarkibiga qanday vositalar kiritiladi:": "Milliy andozaga javob beradigan.",
        "Sotib olingan stanok o‘rnatish ishlaridan so‘ng ishlab chiqarishga topshirildi. Ushbu muomala nechanchi tur o‘zgarishga tegishli?": "1-tur.",
        "Tayyor mahsulot omboridan xaridorlar tayyor mahsulot yuklab jo‘natildi, muomalasi balansning qaysi xil (tip) o‘zgarishiga tegishli?": "2-xil."
    }
}