{
    "translations": {
        "Mikroiqtisodiyot fani": "Turli moddiy, moliyaviy, mehnat va boshqa turdagi boyliklarni bir korxona, bir tadbirkor, yakka uy xo‘jaligi faoliyati doirasida foydalanishini, mamlakatdagi barcha resurslar doiraviy aylanishini, ularni samarali ishlatilishini, iqtisodiy o‘sish barqarorligini o‘rganadi",
        "Kapital (kapital resurslari) - bu…": "Inson tomonidan yaratilgan ishlab chiqarish resurslari (binolar, inshootlar, mashina va mexanizmlar)",
        "Muqobil qiymat - bu…": "Voz kechilgan boshqa iqtisodiy ne’mat qimmati bilan o‘lchanadigan iqtisodiy ne’mat qimmatidir",
        "Chetlanish bu…": "Haqiqiy natija bilan kutiladigan natija o‘rtasidagi farq bo‘lib, u tavakkalchilikdan (yo‘qotishdan) darak beradi. Ushbu farq qancha kichik bo‘lsa yo‘qotish, ya’ni tavakkalchilik ham shuncha yuqori bo‘ladi",
        "Agar bozor narxi muvozanat narxdan past bo‘lsa…": "Defitsit paydo bo‘ladi",
        "Qaysi omillarning o‘zgarishi talab egri chizig‘ining siljishiga olib keladi?": "Moda va didlarning o‘zgarishi",
        "Texnologiya o‘zgarishi natijasida…": "Taklif egri chizig‘ini yuqori va o‘ngga siljishiga olib keladi",
        "Talab qonuni - bu…": "Maxsulotning narhi pasaysa, uni olish hajmi ko‘payadi",
        "Talab bu…": "Berilgan narxlarda haridorlar tomonidan sotib olinishi mumkin",
        "Talab hajmiga quyidagi omillardan qaysi biri ta’sir ko‘rsatmaydi?": "Resurslar narxi",
        "Taklif qonuniga ko‘ra, boshqa omillar o‘zgarmas bo‘lgan sharoitda tovar narxning ko‘tarillishi…": "Taklif hajmining oshishiga olib keladi",
        "Bozor narxi muvozanat narhdan past bo‘lganda qanday holat yuz beradi?": "Tovar tanqisligi yuz beradi",
        "Bozor narxi muvozanat narxdan yuqori bo‘lganda qanday holat yuz beradi?": "Tovar ortiqchaligi paydo bo‘ladi",
        "Bozor muvozanati qachon yuz beradi?": "Talab va taklif hajmi bir biriga teng bo‘lganda",
        "Talab o‘zgarishiga ta’sir etuvchi omillar?": "Istemolchilarining daromadi",
        "Past toifali tovarlar deb nimaga aytiladi?": "Daromadlar ortishi bilan tovarlarga talab pasayishi",
        "Funktsiya so‘zining ma’nosi…": "Matematik tushuncha bo‘lib bog‘liq o‘zgaruvchi bilan erkin o‘zgaruvchilar o‘rtasida miqdoriy bog‘liqlikni ifodaga aytiladi",
        "Taklif funktsiyasi deb nimaga aytiladi?": "Taklifga ta’sir qiluvchi omillar miqdori bilan taklif miqdori o‘rtasidagi bogliqlikni ifodalaydi",
        "Talab funktsiyasi deb nimaga aytiladi?": "Talabga ta’sir qiluvchi omillar miqdori bilan talab miqdori o‘rtasidagi bo‘gliqlikni ifodalaydi",
        "Agar narxning o‘sishi jami daromadni ortishiga olib kelsa, bunday holat…": "Noelastik",
        "∆Q qanday topiladi?": "(Q2 - Q1)",
        "Umumiy tushum (TR Total Revenue) qanday aniqlanadi?": "(P*Q)",
        "P1=40; P2=38; Q1=200; Q2=250 bo‘lganda talab…": "Mutloq noelastik bo‘ladi",
        "Agar talab hajmining o‘zgarishi narxning o‘zgarishiga nisbatan kam bo‘lsa, talab…": "Noelastik bo‘ladi",
        "O‘rindosh tovarlar - bu…": "Iste’mol qilishda bir-birini o‘rnini bosuvchi tovarlar yoki bir xil ehtiyojni qondiruvchi tovarlar",
        "Elastiklik - bu…": "Bir o‘zgaruvchining boshqa bir o‘zgaruvchi ta’siri ostida o‘zgarishini o‘lchaydigan o‘lchov",
        "To‘ldiruvchi tovarlarga qaysi tovarlar kiradi?": "Benzin, avtomobil",
        "Chekli naflilik (MU - Marginal utility) - bu…": "Biror ne’matdan qo‘shimcha bir birlik iste’mol qilish natijasida iste’molchi tomonidan olinadigan qo‘shimcha naf",
        "Talabga quyidagi omillardan qaysilari ta’sir etadi?": "Tovarlarning narxi va miqdori, iste’molchilar soni va daromadi",
        "Bozor muvozanati bu –": "Talab va taklif miqdorining tengligi",
        "Bozorda korxona mahsulotiga talab va uning orqasidan narx o‘smoqda. SHu bilan birga, ushbu tovarni ishlab chiqarish va bozorga yetkazib berish xarajatlari ham mos ravishda ko‘paysa, taklif miqdorida o‘zgarish bo‘ladimi?": "Tovarni narxi oshishi, albatta, taklifni ko‘paytiradi",
        "Sof raqobatli tarmoqlarda baho nimaning ta’sirida shakllanadi?": "Tovarlarning yalpi taklifi va ularga bo‘lgan yalpi talab ta’sirida",
        "Bozor raqobati qaysi bosqichda mahalliy bozorlar doirasidan chiqib milliy bozor miqyosida yuz beradi?": "Raqobat",
        "Iqtisodiyotning bosh masalasi va doimiy muammosi": "Nima, qanday, qancha va kim uchun ishlab chiqarish.",
        "Ehtiyoj - bu........": "Hayotiy vositalarga bo‘lgan zaruriyat.",
        "Ishlab chiqarishning asosiy omillari": "Ishchi kuchi, kapital, yer va tadbirkorlik qobiliyati.",
        "Ishlab chiqarish – bu": "Ko‘payib boruvchi ehtiyojlarni qondiruvchi yagona manbaa.",
        "Ishlab chiqarishning asosiy maqsadi?": "Oshib boruvchi ehtiyojlarni qondirish.",
        "Ishlab chiqarish xarajatlarining ta’rifi qaysi javobda to‘g‘ri berilgan?": "Firma tomonidan ma’lum bir vaqt ichida tovar ishlab chiqarish uchun sarflangan mablag‘.",
        "Foydani qanday tushunasiz": "Umumiy daromad va xarajat o‘rtasidagi farq.",
        "Daromadni qanday tushinasiz": "Tovarni sotishdan kelib tushgan pul.",
        "Oliy kategoriyali tovar - bu…": "Daromad oshganda talab oshib ketadigan tovarlar.",
        "Past kategoriyali tovar…": "Daromad oshganda talab kamayadigan tovarlar.",
        "Umumiy naflik - bu…": "Iste’mol qilingan ne’matlardan olingan jami naflik.",
        "Befarqlik egri chizig‘i - bu…": "Bir hil naf beruvchi ne’matlar kombinatsiyasi.",
        "Individual talab deb…": "Alohida iste’molchining talabi.",
        "Amortizatsiya - bu…": "Ishlab chiqarish xajmiga qarab o‘zgamaydi bosqichma-bosqish asosiy capital qiymatining ma’lum bir qismini ishlab chiqariladigan mahsulot qiymatiga o‘tkazish yo‘li bilan uni qoplash tushuniladi.",
        "Chekli mahsulot - bu…": "Boshqa omillar sarfi o‘zgarmaganda bir birlik biror omildan qo‘shimcha foydalanish hisobidan ishlab chiqarilgan qo‘shimcha mahsulot.",
        "Izokvanta - bu…": "Bir xil hajmda mahsulot ishlab chiqarishni ta’minlovchi omillar sarflari kombinatsiyalarini ifodalovchi egri chiziq.",
        "Izokosta - bu…": "Yig‘indisi bir hil yalpi harajatga teng bo‘lgan resurslar sarflarini kombinatsiyalarini ifodalovchi chiziq.",
        "Hamma iqtisodiy tizimlar uchun fundamental muammo bo‘lib hisoblanadi, bu": "Tahlil usuli.",
        "Ishlab chiqarish - bu…": "Kerakli mahsulotlarni tayyorlash uchun ishchi kuchidan, uskuna va texnologiyadan, tabiiy resurslardan hamda materiallardan ma’lum miqdordagi kombinatsiyada foydalanish jarayonidir.",
        "Qisqa muddatli davr …": "Deb, firma o‘z resurslarining bir qismini son jihatdan o‘zgartirib qolgan qismini o‘zgarmas holatda qoldirish davriga aytiladi.",
        "Qisqa muddatli ishlab chiqarish funksiyasi qaysi qatorda to‘g‘ri berilgan?": "Mavjud doimiy resurslar sharoitida firma o‘zgaruvchan resurslar hajmini o‘zgartirib ishlab chiqarishi mumkin bo‘lgan maksimal ishlab chiqarish hajmini ko‘rsatadi.",
        "Uzoq muddatli davr…": "Firma o‘zi foydalanayotgan jami resurslarning sonini o‘zgartirish mumkin bo‘lgan davrga aytiladi.",
        "Omillar mahsuldorligining kamayish qonuni - bu…": "Biror bir ishlab chiqarish omilidan foydalanish oshib borganda (boshqa omillardan foydalanish o‘zgarmaganda), shunday bir nuqtaga erishiladiki, ushbu nuqtadan boshlab qo‘shimcha ishlatilgan omil ishlab chiqarish hajmini kamaytiradi.",
        "Ishlab chiqarish jarayoni - bu…": "Ishlab chiqarish omillaridan foydalanilgan holda mahsulot yaratish jarayonini yoki ishlab chiqarish omillarini tayyor mahsulotga aylantirish jarayoni.",
        "Mehnat vositalari - bu…": "Mexanizmlar texnologiya, dastgohlar, binolar, tovar moddiy boyliklari, va mehnat qurollar.",
        "Model deganda…": "Iqtisodiy jarayonning sxemasi, loyihasi, matematik formulalar bilan ifodalanishi tushuniladi.",
        "Texnologik jarayon deb…": "Bitta ishchi yoki ishchilar guruhi tomonidan bir ish joyida mehnat buymlari o‘zgarmagan sharoitda bajariladigan ishlab chiqarish jarayonlarining bir qismiga aytiladi.",
        "Almashtirish samarasi - bu…": "Ish haqini ortishi natijasida bo‘sh vaqtning qisqarish.",
        "Tushum - bu…": "Sotilgan tovar miqdorini narxga ko‘paytirilganiga teng.",
        "Yerning ijara haqi - bu…": "Yerdan foydalanuvchi tomonidan bir yilda er egasiga to‘lanadigan pul miqdori.",
        "Umumiy mahsulot - bu…": "Boshqa omillar sarfi o‘zgarmaganda bir birlik biror omildan qo‘shimcha foydalanish hisobidan ishlab chiqarilgan qo‘shimcha mahsulot.",
        "Narx - bu…": "Bir birlik tovarni sotib olish uchun to‘lanadigan pul miqdori.",
        "Firma deganda…": "Ishlab chiqarish resurslari egalarining qarorlarini va manfaatlarini iqlashtiruvchi institutsional tuzilma hisoblanadi.",
        "Korporatsiya deganda…": "Paychilikka asoslangan jamiyat bo‘lib, har bir mulk egasining mas`uliyati ushbu korxonaga qo‘shgan hissasi bilan cheklangan.",
        "Foyda olmaydigan tashkilotlar deganda…": "Foyda olish maqsadida harakat qilmaydigan kasaba uyushmalari",
        "Qaytarilmaydigan harajatlar…": "Oldin qilingan harajatlar bo‘lib, ularni qaytadan tiklash mumkin emas",
        "O‘zgarmas harajat deganda…": "Mahsulot ishlab chiqarish hajmi oshganda ham, kamayganda ham o‘zgarmaydigan harajat",
        "O‘rtacha o‘zgarmas harajat deganda…": "Bir birlik mahsulotga to‘g‘ri keladigan o‘zgarmas harajat",
        "O‘zgaruvchan xarajatlar nima?": "Ishlab chiqariladigan maxsulot hajmining o‘zgarishiga bog‘liq holda o‘zgaradigan xarajatlar",
        "Agar VC (various cost) =100, Q=5 bo‘lsa, AVC (average various cost) =?": "20",
        "Faqat bitta sotuvchi va ko‘pchilik xaridorlar bo‘lgan bozor qanday nomlanadi?": "monopoliya",
        "Sotuvchi ko‘pchilikdan iborat, lekin xaridor bitta bo‘lgan bozor qanday bozor deyiladi?": "monopsoniya",
        "Ishlab chiqarish omillari o‘z ichiga quyidagilarni oladi…": "mehnat, yer, kapital",
        "Iste’molchining yakka hokimligiga asoslangan bozor tipi nima deb ataladi?": "monopsoniya",
        "Daromad o‘zgarganda, talab egri chizig‘i qaysi tomonga suriladi?": "daromad oshsa-o‘ngga, pasaysa chapga",
        "Taklif hajmiga qaysi omillar ta’sir etmaydi?": "aholining tug‘ilish va vafot etish darajasi",
        "Pulning qaysi vazifasi narxning shakllanishi bilan bog‘liq?": "qiymat o‘lchovi.",
        "Befarqlik egri chizig‘i va izokvantlar egri chizig‘i bir xil narsami?": "ular o‘xshash, lekin izokvantalar faqat ma’lum miqdordagi mahsulotlarni ishlab chiqarish bilan bog‘liq",
        "Bozorni tartibga solish mexanizmi:": "talab, taklif, narh, raqobat.",
        "Qisqa muddatli davr nima?": "bu davrda faqat bitta ishlab chiqarish omili o‘zgaradi",
        "Uzoq muddatli davr nima?": "barcha ishlab chiqarish omillari o‘zgaradigan davr",
        "Boshqa tur mahsulotni ishlab chiqarishdan voz kechib qilinadigan xarajatlar nima?": "muqobil xarajatlar",
        "Doimiy harajatlarga nimalar kiradi?": "mahsulot o‘sishiga bog‘liq bo‘lmagan harajatlar",
        "Agar FC(fixed cost)=100, Q=2 bo‘lsa, AFC(average fixed cost)=?": "50",
        "Pirovard (chekli) daromad deb nimaga aytiladi?": "mahsulot hajmini bir birlikka o‘sishi natijasida daromadning o‘sishiga aytiladi",
        "Agar TR(total revenue)=100, Q=2 bo‘lsa, AR(average revenue)=?": "50",
        "Oligopoliya so‘zi grekcha bo‘lib, nima ma’noni anglatadi?": "oligos - ozgina, poleo - olaman",
        "Oligopoliya - bu…": "bu bozor tizimida biror bir tovarni sotishda cheklangan firmalar hukmronlik qiladi",
        "Bozorda tovarlarni sotishda egalik huquqini aniqlash va uni berish bilan bog‘liq harajatlar - bu…": "transaksion harajatlar",
        "Tavakkalchilikni pasaytirish yo‘llari - bu…": "diversifikatsiya, sug‘urtalash, ko‘proq ma’lumot olish",
        "Tavakkalchilikni taqsimlash - bu…": "ushbu usulga ko‘ra zarar ko‘rish ehtimoli bilan bog‘liq bo‘lgan tavakkalchilik bilan qatnashuvchi subyektlar o‘rtasida shunday taqsimlanadiki, oqibatda har bir subyektning kuti",
        "Tavakkalchiliklarni qo‘shish - bu…": "Ushbu usul tasodifiy yo‘qotishlarni o‘zgarmas harajatlarga aylantirish orqali tavakkalchilikni kamaytirishga qaratilgan",
        "Diversifikatsiya - bu…": "Korxona (birlashma)larning faoliyati sohalari va ishlab chiqaradigan mahsulotlari turining kengayishi, yangilanib turishi",
        "Yopiq auktsion nima?": "Qatnashuvchilar bir-biriga bog‘liq bo‘lmagan holda tovar uchun stavkalar qo‘yadi",
        "Transaktsion yoki operatsiyalar xarajati - bu…": "Tovarlar almashuvi sohasidagi xarajatlardir",
        "Loyihaning moliyalashtirish rejasining mohiyati nimalardan iborat?": "Moliyalashtirishning tarkibiy tuzilishi to‘g‘risidagi boshlang‘ich tassavurlar, kreditlar, loyihaning likvidligini ta’minlash uchun kerak bo‘ladigan muddat va shart sharoitlar, ya’ni kreditlarning qaytarilishi va qo‘yilgan mablag‘larni koplanishi uchun talab etiladigan vaqt va shartlar",
        "Bozordagi asimmetrik axborotlarni yo‘qotish yo‘llarini belgilang.": "Bozor signallari",
        "Talab elastiklik turlari…": "tarqoq, uzluksiz",
        "«Elastiklik» termininig ma`nosi?": "kamayuvchi",
        "Teskari bog`lanish mavjud…": "«Narx» bilan «daromad» o`rtasida",
        "Agar minimal narx o‘rnatilgan bo‘lsa narxni ko‘tarish mumkinmi?": "mumkin",
        "Agar maksimal narx o‘rnatilgan bo‘lsa narxni ko‘tarish mumkinmi?": "mumkin emas",
        "Minimal va maksimal narxlar kim tomonidan o‘rnatiladi?": "Davlat tomonidan",
        "Qachon narx minimal deyiladi?": "agar o‘rnatilgan narx muvozanat narxdan katta bo‘lsa va narxni minimal narxdan past belgilash ta’qiqlansa",
        "Qachon narx maksimal deyiladi?": "agar o‘rnatilgan narx muvozanat narxdan kichik bo‘lsa va narxni maksimal narxdan oshirish ta’qiqlansa",
        "Chekli transformatsiya koeffitsienti deganda nimani tushunamiz?": "bir tovardan qo‘shimcha bir birlik ishlab chiqarish uchun ikkinchi tovardan qancha hajmda ishlab chiqarishdan voz kechish kerakligini bildiradi.",
        "Ishlab chiqarish imkoniyati – bu ...": "berilgan texnologik rivojlanishda barcha mavjud resurslardan to‘liq va samarali foydalanilgan xolda jamiyatninig iqtisodiy ne’matlar ishlab chiqarish qobiliyatidir.",
        "Iqtisodiy ehtiyojni ikki turga bo‘lish mumkin: bular …": "birlamchi ehtiyoj va ikkilamchi ehtiyoj",
        "Iqtisodiy ehtiyoj - bu ...": "shaxsni, korxonani yoki jamiyatni faoliyat ko‘rsatishini va rivojlanishini ta’minlab turish uchun zarur bo‘lgan moddiy resurslar",
        "Mikroiqtisodiyot iqtisodiy sub’ektlarni ikkiga bo‘lib qaraydi, bular...": "iste’molchilar va ishlab chiqaruvchilar",
        "Noyob ne’matlar muammosi qanday ikkita tamoyillar asosida yechiladi?": "optimallashtirish tamoyili va alternativ xarajatlar tamoyili",
        "Muqobil qiymat – bu ..": "voz kechilgan boshqa iqtisodiy ne’mat qiymati bilan o‘lchanadigan iqtisodiy ne’mat qiymatidir",
        "Ishlab chiqarish resurslarini cheklanganligi inson, oila, jamiyat oldiga qanday muammoni qo‘yadi?": "tanlov",
        "Kapital (kapital resurslari)-": "binolar va inshoatlar, asboblar va uskunalar, aloqa vositalari, transport, shuningdek qayta ishlangan hom ashyo va yarim tayyor mahsulotlar",
        "Оligоpоliya nаzаriyasini yarаtgаn birinchi iqtisоdchi оlimni ko‘rsаting:": "Оgyustеn Kurnо",
        "Аgаr tоvаr narxi tаlаb vа tаklif chiziqlаrining kеsishish nuqtаsidаn pаstda bo‘lsa:": "tаqchillik yuzаgа kеlаdi",
        "Umumiy nаflik оshаdi, qаchоnki chеkli nаflik:": "pаsаygаndа",
        "Umumiy naflik bu…": "istemol qilingan nematlardan olingan jami naflik",
        "Umumiy harаjаtni hisоblаsh fоrmulаsini bеlgilаng:": "istemol qilingan nematlardan olingan jami naflik",
        "Umumiy daromad qanday hisoblanadi?": "Narxning mahsulot miqdoriga ko`paytmasi",
        "Tаlаbga quyidаgi оmillаrdаn qаysi biri tа’sir ko‘rsаtmаydi?": "Resurslarning narxi",
        "Tаklif qоnunigа ko‘rа, bоshqа оmillаr o‘zgаrmаs bo‘lgаn shаrоitdа tоvаr narxining ko‘tаrilishi:": "Tаklif hajmining оshishigа olib keladi",
        "«Elastiklik» termini 1885 yilda ilk bor kim tomonidan talab va taklif elastikligida qo`llanildi?": "Alfred Marshall",
        "Agar bozor narxi muvozanat narxidan past bo`lsa…": "Defitsit paydo bo`ladi",
        "Agar FC(fixed cost) =300, Q=2 bo`lsa, AFC(average fixed cost) =?": "150",
        "Agar iqtisodiy muammolarning bir qismi bozor, bir qismi hukumat tomonidan hal etilsa, bunday iqtisodiyot:": "Aralash iqtisodiyot",
        "Almashtirish samarasi bu…": "Naflik darajasi o`zgarmaganda, tovarlar narxi o`zgarishi munosabati bilan iste`mol tovarlar talabi tarkibining o`zgarishidir",
        "Amortizatsiya bu…": "Ishlab chiqarish xajmiga qarab o‘zgamaydi bosqichma-bosqich asosiy kapital qiymatining ma`lum bir qismini ishlab chiqariladigan mahsulot qiymatiga o`tkazish yo`li bilan uni qoplash tushuniladi",
        "Asimmetrik axborotlashgan bozor bu –": "Bozordagi ayrim sub`yektlar muhim axborotga ega, qolganlari esa bexabar bo‘lgan bozor",
        "Auksion turlari:": "Ingliz va golland auksioni",
        "Barcha ishlab chiqarish omillari o`zgaradigan davr…": "Uzoq muddatli davr",
        "Befarqlik egri chizig`i bu…": "Bir hil naf beruvchi ne`matlar kombinatsiyasi",
        "Bir hil naf beruvchi ne`matlar kombinatsiyasi bu…": "Befarqlik egri chizig`i",
        "Bir-birini to`ldiruvchi tovarlarga qaysi tovarlar kiradi?": "Benzin, avtomobil",
        "Birinchi bo‘lib daromad o‘zgarishining iste’mol tarkibiga ta’sirini tadqiq qilgan olim ...": "E. Engel",
        "Bozor iqtisodiyotining qaysi sub’ekti iqtisodiy resurslarni etkazib beruvchi va pirovard mahsulotlarning asosiy iste’molchisi hisoblanadi?": "Uy xo‘jaliklari",
        "Bozor mexanizmining asosiy elementlari": "Baho, talab, taklif, raqobat",
        "Bozordagi asimmetrik axborotlarni yo‘qotish yo‘llarini belgilang.": "Bozor signallari",
        "Bu termin 1885 yilda ilk bor Alfred Marshall tomonidan qo‘llanildi?": "\"Elastiklik» termini",
        "Bozordagi barcha sub`yektlar yetarli ma’lumot bilan ta’minlangan bozor…": "Simmetrik axborot",
        "Bu oldindan belgilangan narxlarda ma’lum miqdordagi tovarlarni kelajakda ma’lum kunda yetkazish uchun tuzilgan muddatli shartnoma.": "Fyucherslar",
        "\"Elastiklik\" termini nechinchi yilda ilk bor qo`llanildi?": "1885",
        "Chekli mahsulot bu…": "Boshqa omillar sarfi o`zgarmaganda bir birlik biror omildan qo`shimcha foydalanish hisobidan ishlab chiqarilgan qo`shimcha mahsulot",
        "Chekli naflilik (MU -Mariginal utility) bu…": "Biror ne`matdan qo`shimcha bir birlik iste`mol qilish natijasida iste`molchi tomonidan olinadigan qo`shimcha naf",
        "Chekli texnologik almashtirish normasi bu…": "Ishlab chiqarish hajmi o`zgarmaganda bir birlik X omilini necha birlik Y omil bilan almashtirish mumkinligini ko`rsatadi",
        "Ishlab chiqarish imkoniyati – bu": "Berilgan texnologik rivojlanishda barcha mavjud resurslardan to‘liq va samarali foydalangan xolda jamiyatninig iqtisodiy ne’matlar ishlab chiqarish qobiliyatidir",
        "Iqtisodiy ehtiyojni ikki turga bo‘lish mumkin: bular ...": "Birlamchi ehtiyoj va ikkilamchi ehtiyoj",
        "Dividend nima?": "Aksionerlik jamiyati sof foydasining aksionerlarga tegadigan bir qismi",
        "FC(fixed cost) =400, VC(variuos cost) =100, TC(total cost)=?": "TC=500",
        "Firmаning dоimiy harаjаtlаri bu": "Ishlab chiqаrish hаjmigа bоg‘liq bo‘lmagаn harаjаtlаr",
        "Golland auksionida birinchi e’lon qilingan mahsulot narxining necha foizidan tushib ketsa mahsulot auksiondan chiqarib yuboriladi?": "20%",
        "Ikki tomonlama monopoliya deyiladi, agar bozorda": "Monopolist – sotuvchi bilan monopolist xaridor uchrashsa",
        "Individual talab deb": "Alohida iste`molchining talabi",
        "Induktsiya usuli bu": "Ayrim dalillar asosida xulosa chiqarish",
        "Ishlab chiqarish - bu": "Bu kerakli mahsulotlarni tayyorlash uchun ishchi kuchidan, uskuna va texnologiyadan, tabiiy resurslardan hamda materiallardan ma’lum miqdordagi kombinatsiyada foydalanish jarayonidir",
        "Ishlab chiqarish hajmiga bog`liq bo`lmagan xarajatlar deb": "Doimiy harajatlarga aytiladi",
        "Ishlab chiqarish hajmiga qarab o`zgaradigan xarajatlar deb": "O`zgaruvchan harajatlarga aytiladi",
        "Ishlab chiqaruvchilar va sotuvchilar tomonidan berilgan narxlarda sotilishi mumkin bo‘lgan tovarlar miqdori bu": "Taklif",
        "Mikroiqtisodiyot qaysi fanlar bilan uzviy bogliq?": "Iqtisodiyot nazariyasi, statistika, korhona iqtisodiyoti",
        "Monopolist – sotuvchi bilan monopolist xaridor uchrashganda": "Ikki tomonlama monopoliya deyiladi",
        "Muqobil qiymat bu": "Voz kechilgan boshqa iqtisodiy ne’mat qimmati bilan o‘lchanadigan iqtisodiy ne’mat qimmatidir",
        "Narx bu": "Bir birlik tovarni sotib olish uchun to`lanadigan pul miqdori",
        "Talab > taklif bo`lsa": "Bozorda taqchilik hukm suradi",
        "Narxlar diversifikatsiyasi bu": "Narxlarni iste’molchilarning imkoniyatlariga qarab har xil darajalarda belgilash",
        "Normativ usul bu": "U yoki bu jarayonga baho beriladi.",
        "O`zgarmas harаjаtni hisоblаsh fоrmulаsini bеlgilаng": "TC(total cost)-VC (variuos cost)",
        "Quyidagi fikrlardan qaysi biri noto‘g‘ri keltirilgan?": "O‘rindosh tovarlar – birgalikda, komplekt tarzida iste’mol qilinadigan tovarlar.",
        "Quyidagi ta’riflardan qaysi biri bozor iqtisodiyotining mohiyatini to‘laroq xarakterlaydi?": "Bu xususiy mulk ustunligiga asoslangan hamda iqtisodiy jarayonlar bozor mexanizmi yordamida boshqariladigan va tartibga solinadigan iqtisodiyotdir",
        "Quyidagilardan qaysi biri iqtisodiy resurslar tarkibini to‘liq aks ettiradi?": "Kapital, yer, ishchi kuchi, tadbirkorlik layoqati va axborot",
        "Quyidagilarning qaysi biri talab tushunchasining mazmunini to‘laroq xarakterlaydi?": "Bahoning mavjud darajasida sotib olish mumkin bo‘lgan tovarlarning miqdori",
        "Raqobatlashuvchi firmadan farqli ravishda monopolist": "Kamroq mahsulot ishlab chiqarib yuqoriroq narx qo‘yishga intiladi",
        "Tabiiy monopoliyaga misol, bu": "Shahar metrosi",
        "Talab qonunidan qanday xulosa chiqarish mumkin?": "Yuqori baholar iste’molchining xarid qilish istagini susaytiradi, past baho esa kuchaytiradi",
        "Talab tushunchasiga to`liq ta`rif berilgan qatorni aniqlang": "Pul bilan ta`minlangan ehtiyoj",
        "Talab va taklifga ta’sir qiluvchi omillarning bir foizga o‘zgarishi natijasida talab va taklif hajmining necha foizga o‘zgarishini aniqlaydigan koeffitsiyent…": "Elastiklik",
        "Tavakkalchilikni pasaytirish yo‘llari bu…": "diversifikatsiya, sug‘urtalash, axborot izlash",
        "Tavakkalchilikni taqsimlash bu…": "ushbu usulga ko‘ra zarar ko‘rish ehtimoli bilan bog‘liq bo‘lgan tavakkalchilik bilan qatnashuvchi sub’ektlar o‘rtasida shunday taqsimlanadiki, oqibatda har bir sub’ektning kutiladigan yo‘qotishi nisbatan kichik",
        "Texnologiya bu…": "bu tovarlar va xizmatlarni ishlab chiqarish to‘g‘risidagi amaliy bilimlardir",
        "Tovar va xizmatlar bozori muvozanat holatda dеyiladi, agar:": "taklif hajmi talab hajmiga tеng bo‘lsa",
        "Resurslar, tovarlar va daromadlarning doiraviy aylanish alohida olingan korxonalar, tarmoqlar, hududlar darajasida ham ro‘y beradi. Buni qaysi fan o‘rganadi?": "Mikroiqtisodiyot",
        "Zamonaviy mikroiqtisodiyot asosiy belgisi bu -": "bu jamiyatdagi jarayonlarda mavjud resurslarni cheklanganlarini qayd etib, ularni tejab ishlatish, farovonlikni oshirish yo‘llarini asoslab berish hisoblanadi",
        "«Narx» bilan «taklif» o`rtasida:": "to`g`ri bog`lanish mavjud",
        "Agar MR = MC bo`lsa…": "maksimal foyda bo`ladi",
        "Barcha hodisa va voqealarni doimiy harakatda va o‘zaro aloqadorlikda deb tadbiq qilish.": "deduktsiya usuli",
        "Bozor talabiga quyidagi omillardan qaysi biri ta’sir ko‘rsatmaydi?": "sotuvchilar soni",
        "Bu auktsionda qatnashuvchilar bir biriga bog‘liq bo‘lmagan holda tovar uchun stavkalar qo‘yadi va tovar kim ko‘p stavka qo‘ygan bo‘lsa, unga beriladi.": "yopiq auksion",
        "Budjеt chizig‘i grafikda o‘nggа siljiydi, agar…": "istе’mоlchi dаrоmаdi oshsa",
        "Cheklangan resurslar bilan cheksiz ehtiyojlarni to‘laroq qondirishga qanday erishiladi?": "resurslardan foydalanishdan turli muqobil variantlaridan eng ko‘p mahsulot ishlab chiqarishni ta’minlaydiganini tanlab olish"
    }
}