{
    "translations": {
        "Maʼlumotlar bazasini integratsiyalashda asosan qaysi usul ishlatiladi?": "ETL (Extract, Transform, Load)",
        "Random Forest algoritmida nechta daraxtlardan foydalanish modelni qanday taʼsir qiladi?": "Modelning ishonchliligini oshiradi",
        "array([2, 2, 2, 3, 3, 3, 4, 4, 4, 5, 5, 5, 6, 6, 6, 7]) ko‘rinishdagi massiv ustida unique funksiyasiga argument sifatida uzatadigan bo‘lsak, natija qanday bo‘ladi?": "array([2, 3, 4, 5, 6, 7])",
        "Mashinali o‘qitishning qaysi turida maʼlumotlardagi belgilar belgilangan bo‘ladi?": "Nazoratli o‘qitish",
        "Noravshan mantiq modellarida 'aʼzolik darajasi' nima?": "Qiymatlar biror elementning belgilangan sinfga tegishliligini ifodalaydi",
        "Sunʼiy intellekt yordamida maʼlumot xavfsizligi va maxfiyligini oshirish uchun qaysi texnologiya ishlab chiqilmoqda?": "Federativ o‘rganish",
        "Qaysi agent turi o‘zining ichki holatini eslab qoladi?": "Holatli agent",
        "DBSCAN algoritmi qanday nuqtalarni 'shovqin' deb belgilaydi?": "Yetarlicha qo‘shnilarga ega bo‘lmagan nuqtalar",
        "Gradient descent algoritmi nima uchun qo‘llaniladi?": "Yo‘qotish funksiyasini minimallashtirish",
        "Produksion qoidalar qaysi maʼlumotlarni taqdim etishda foydalidir?": "Harakat va qaror qabul qilish qoidalarini",
        "Ikki o‘lchamli (3x4) arr massivini elementlarini vertikal yo‘nalishda tartiblang.": "np.sort(arr, axis=0)",
        "DBSCAN algoritmida qanday nuqtalar klasterning markazi sifatida tanlanadi?": "Yetarlicha qo‘shnilarga ega zich nuqtalar",
        "Produksion qoidalarning ko‘rinishi qaysi tilda yozilgan ko‘rinishga o‘xshaydi?": "'Agar... unda...' ko‘rinishi",
        "Greedy Best-First Search algoritmi qanday maqsadda ishlatiladi?": "Hevristik bahoni tezroq qidirish uchun",
        "Sunʼiy intellektda shaoflik va tushuntirish imkoniyatlarini oshirish uchun qaysi yo‘nalishda izlanishlar olib borilmoqda?": "Explainable AI (XAI) yoki tushuntiriladigan sunʼiy intellekt",
        "arr1 massivini .npy fayl kengaytmada saqlash kodini ko‘rsating.": "np.save('data.npy', arr1)",
        "Bilimlar bazasida 'ontologiya' tushunchasi qaysi bilimlarni ifodalashga yordam beradi?": "Predmetlar va ularning oʻzaro munosabatlarini",
        "Bayes teoremasidan qachon foydalaniladi?": "Shartli ehtimollar va yangi maʼlumotlar bilan ishlashda",
        "Logistik regression qanday turdagi natijalar uchun mos?": "Kategoriyalarga ajratilgan qiymatlar",
        "Produksion qoidalarning asosiy elementi nima?": "'Agar... unda...' koʻrinishi",
        "Ekspert tizimining foydalanuvchi bilan oʻzaro aloqasini taʼminlovchi qismi qanday ataladi?": "Foydalanuvchi interfeysi",
        "Mantiqiy modellar qanday bilimlarni ifodalashga yordam beradi?": "Formal qoidalar va munosabatlarni",
        "Turing testi qaysi sohada tadqiqotlarning rivojlanishiga taʼsir qilgan?": "Sunʼiy intellekt va kompyuter fanlari",
        "Perseptron nima uchun ishlatiladi?": "Lineyer tasniflash muammolarini hal qilish",
        "Sunʼiy neyron tarmoqlar (SNT) qanday maqsad uchun qoʻllaniladi?": "Murakkab muammolarni hal qilish va maʼlumotlarni oʻrganish",
        "DFS algoritmining ishlash tartibi qanday?": "Avval chuqurlik boʻyicha qidiradi",
        "Qaysi ombor maʼlumotlar integratsiyasi natijasida shakllanadi?": "Data Lake",
        "Qidiruv algoritmlaridan qaysi biri rekursiv tarzda ishlaydi?": "DFS",
        "Qaysi mashinali oʻqitish turi mukofot va jazolar asosida ishlaydi?": "Reinforcement oʻqitish",
        "Qaysi algoritm regression vazifalari uchun mos keladi?": "Lineyn regression",
        "Pandasda DataFrame nima?": "Har xil turdagi ustunlarga ega boʻlgan ikki oʻlchovli etiketli maʼlumotlar strukturasi",
        "Perseptronning asosiy komponenti nima?": "Neyron",
        "Turing testidan muvaffaqiyatli oʻtgan birinchi kompyuter dasturi qaysi edi?": "Eliza",
        "Ramkalar (frames) tizimi qanday bilimlarni ifodalash uchun ishlatiladi?": "Strukturaviy va umumiy bilimlarni",
        "DBSCAN algoritmi qanday maʼlumotlarni klasterlashga asoslangan?": "Qalinligi va zichligiga asoslangan",
        "Agar inspektor kompyuterni insondan ajrata olmasa, bu nimani anglatadi?": "Kompyuter testdan oʻtdi",
        "Ekspert tizimlarining qaysi jihati foydalanuvchiga koʻrsatmalar berish uchun ishlatiladi?": "Mantiqiy qoidalar",
        "groupby() funksiyasi pandas kutubxonasida vazifasi qanday?": "DataFrame-ni belgilangan ustun yoki ustunlar boʻyicha guruhlaydi",
        "Ekspert tizimlarining foydalanuvchiga koʻrsatadigan asosiy foydasi nima?": "Mutaxassislik bilimlarini qoʻllab, qaror qabul qilishda yordam berish",
        "Perseptron modelidagi kirishlar qanday jarayondan oʻtadi?": "Vaznlarga koʻpaytirish",
        "arr1 va arr2 massivlarini faylda saqlash uchun toʻgʻri kodni koʻrsating.": "np.savez('data.npz', x=arr1, y=arr2)",
        "RNN asosan qaysi turdagi maʼlumotlar bilan ishlashga moʻljallangan?": "Davomiy va ketma-ket maʼlumotlar",
        "Matplotlib syujetining sarlavhasini belgilash uchun qaysi funksiyadan foydalaniladi?": "title()",
        "Qanday qilib Teachable Machine foydalanuvchilarga oʻqitilgan modellarini eksport qilishga imkon beradi?": "Yuklab olinadigan fayl sifatida",
        "Sunʼiy intellektning rivojlanishida oʻzgaruvchan texnologik imkoniyatlar bilan bogʻliq asosiy muammo nima?": "Sunʼiy intellekt tizimlarining tushuntirishga qiyinligi",
        "Ekspert tizimining muhim qismi boʻlgan 'inference engine' nima uchun xizmat qiladi?": "Bilimlarni asosiy maʼlumotlar asosida tahlil qilish va xulosa chiqarish uchun",
        "Maʼlumotlarni assotsiativ tahlil qilish qanday texnikadan foydalanadi?": "Apriori algoritmi",
        "Intellektual tahlilning qaysi turi maʼlumotlar orasidagi yashirin bogʻliqliklarni aniqlashga yordam beradi?": "Assotsiativ tahlil",
        "K-means algoritmining asosiy kamchiligi nima?": "Klasterlarning miqdorini oldindan berish talab qilinishi",
        "Sunʼiy intellektning qaysi turi eng rivojlangan hisoblanadi?": "Super sunʼiy intellekt",
        "Qaysi mashinali oʻqitish algoritmi tasniflashda ishlatiladi?": "Naive Bayes",
        "Noravshan mantiqda 'haqiqat qiymati' qanday ifodalanadi?": "0 dan 1 gacha boʻlgan qiymatlar oraligʻida",
        "Teachable Machine-dan foydalanish uchun qaysi dasturlash tili talab qilinmaydi?": "Python",
        "K-nearest neighbors (KNN) algoritmi qaysi turdagi tahlil uchun ishlatiladi?": "Klassifikatsiya",
        "Qaysi kompyuter dasturi Turing testiga yaqinlashishga harakat qilgan?": "Eliza",
        "Numpy funksiyasi yordamida 3 oʻlchamli (4x3) elementlari max qiymati 100 gacha boʻlgan taxminiy qiymatlardan tashkil topgan massiv yaratish kodini koʻrsating.": "np.random.randint(100, size=(3, 4, 3))",
        "Turing testida kim bilan kim suhbatlashadi?": "Inson va kompyuter",
        "Perseptron qanday aktivatsiya funksiyasidan foydalanadi?": "Qadam funksiyasi (step function)",
        "SVM algoritmi qanday qilib maʼlumotlarni ajratadi?": "Oʻq orqali ajratish",
        "Batch normalization texnikasining vazifasi nima?": "Tarmoqdagi oʻrganishni tezlashtirish va barqarorlashtirish",
        "Bayes teoremasining asosiy maqsadi nima?": "Shartli ehtimollarni hisoblash",
        "Oddiy reaktiv agent qanday maʼlumotlardan foydalanadi?": "Faqat hozirgi holatni",
        "Gradient Descent nima uchun ishlatiladi?": "Model xatolarini kamaytirish uchun optimallashtirish usuli sifatida",
        "Bilimlarni ifodalash uchun qoidalarga asoslangan tizim qachon ishlatiladi?": "Obʼektlar orasidagi murakkab munosabatlar mavjud boʻlganda",
        "Mantiqiy ifodalar qayerda qoʻllaniladi?": "Formallik talab etilgan mantiqiy tizimlarda",
        "Klasterni tahlil qilish jarayonida qanday maqsadga erishiladi?": "Maʼlumotlarni sinflarga ajratish",
        "Sunʼiy intellekt yordamida avtomatik ravishda maʼlumotlarni tahlil qilish qanday foyda beradi?": "Ishlash vaqtini kamaytiradi",
        "Turing testida muvaaqiyat qozonishning qanday oqibatlari boʻlishi mumkin?": "Kompyuterning inson kabi muloqot qilish qobiliyatini isbotlaydi",
        "Bagging texnikasi qaysi algoritm bilan koʻp qoʻllaniladi?": "Decision Trees",
        "Turing testini muvaaqiyatli oʻtgan dastur qanday deb nomlanadi?": "Chatterbot yoki Chatbot",
        "Ekspert tizimda qaror qabul qilish jarayonini qoʻllab-quvvatlash uchun nima ishlatiladi?": "Mantiqiy qoidalar va bilimlar bazasi",
        "Klasterizatsiya qanday oʻqitish turiga kiradi?": "Oʻqituvchisiz",
        "Sunʼiy neyron tarmoqlar qanday ilhomlangan?": "Odam miyasi neyronlari va sinapslari tuzilishidan",
        "Neyronning chiqishi qanday funktsiya orqali hisoblanadi?": "Aktivatsiya funktsiyasi",
        "Qaysi soʻz sunʼiy intellektning muhim qismiga kiradi?": "Oʻrganish",
        "Yigʻindilab boradigan yigʻindi metodini koʻrsating": "cumsum()",
        "Natural tilni qayta ishlash (NLP) quyidagi qaysi masalalarni hal qilishga yordam beradi?": "Matn va nutqni tushunish",
        "Maʼlumotlarni siqishda 'yoʻqotishlarsiz' (lossless) usul qanday maqsad uchun ishlatiladi?": "Maʼlumotlarni butunligicha saqlab qolish",
        "Sunʼiy intellektning tibbiyotda qoʻllanilishi qaysi maqsadga xizmat qiladi?": "Kasalliklar va tahlillarni aniqlash",
        "Qaysi algoritm maʼlumotlarni yoʻqotishlarsiz siqish uchun ishlatiladi?": "LZW",
        "Qaysi bilimlarni ifodalash usuli atribut qiymatlari bilan bogʻliq?": "Ramkalar",
        "Semantik tarmoqlar qanday bilimlarni namoyish etish uchun moʻljallangan?": "Obʼektlar va ularning bogʻliqligini ifodalash uchun",
        "Ekspert tizimlarining asosiy vazifasi nima?": "Foydalanuvchilarga avtomatlashtirilgan tarzda maslahat berish va qaror qabul qilishda yordam berish",
        "Tabiiy tilni qayta ishlash (NLP) texnologiyalari nimaga yordam beradi?": "Ovozli tanib olish",
        "Maqsadga yo‘naltirilgan agentning vazifasi qanday?": "Oldindan belgilangan maqsadga erishish",
        "Produksion model qanday asosiy afzallikka ega?": "Qoidalar asosida tezkor qaror qabul qilish imkonini beradi",
        "Ma’lumotlarni intellektual tahlil qilishning asosiy maqsadi nima?": "Foydali ma’lumotlarni aniqlash",
        "Mashinali o‘qitishda ishlatiladigan 'train-test split' nima?": "Ma’lumotlar to‘plamini o‘rgatish va sinash uchun bo‘lish usuli",
        "Intellektual agentning faoliyatini tushuntirish uchun qaysi tushuncha ishlatiladi?": "Agentning muhit bilan o‘zaro aloqasi",
        "Bilimlarni ifodalashda semantik tarmoqlar qanday ko‘rinishda beriladi?": "Graf shaklida",
        "PCA ma’lumotlar qisqartirish uchun qanday usulni qo‘llaydi?": "O‘zgaruvchilar sonini kamaytirish",
        "Qaysi o‘qituvchili o‘qitish algoritmi eng ko‘p klassifikatsiya uchun ishlatiladi?": "Decision Trees",
        "Rejalashtirish agentining asosiy vazifasi nima?": "Keyingi vaziyatlarni oldindan rejalashtirish",
        "Teachable Machine-ning asosiy maqsadi nima?": "Mashinalarni o‘qitishni kodlashsiz foydalanish imkoniyatini yaratish",
        "O‘qituvchisiz o‘qitishning asosiy maqsadi nima?": "Ma’lumotlardan strukturalarni aniqlash",
        "Ekspert tizimda bilimlarni qanday ko‘rinishda saqlash mumkin?": "Ma’lumotlar bazasida",
        "Freym modelida atributlar nima uchun ishlatiladi?": "Ob’ekt xususiyatlarini aniqlash uchun",
        "Qaysi dasturiy model qisman kuzatilgan, har xil ehtimollarni hisobga olgan holda ishlaydi?": "Bayes tarmoqlari",
        "Sun’iy intellektning qaysi turi insondan ustun bo‘lishi mumkin?": "Super sun’iy intellekt",
        "Bayes teoremasi asosida qaysi usul yangi maʼlumotlarga asoslangan qaror qabul qilishga yordam beradi?": "Shartli ehtimollarni yangilash orqali",
        "Reaktiv agent qaysi tamoyilga amal qiladi?": "Muhitdagi oʻzgarishlarga bevosita javob beradi",
        "Zaif sunʼiy intellektning vazifasi nimadan iborat?": "Muayyan bir vazifani bajarish",
        "Freym modeli qanday bilimlarni taqdim etishda qoʻllaniladi?": "Strukturaviy va umumiy bilimlarni",
        "Qaysi sunʼiy intellekt texnologiyasi avtomobillarni avtomatik boshqarishda qoʻllaniladi?": "Kompyuter koʻrishi",
        "Oʻqituvchisiz oʻqitishda foydalaniladigan asosiy maʼlumot turlari qanday?": "Belgilarsiz maʼlumotlar",
        "Naive Bayes algoritmi qaysi vazifada ishlatilishi uchun maʼqul?": "Tasniflash",
        "Maqsadga yoʻnaltirilgan agentning vazifasi qanday?": "Oldindan belgilangan maqsadga erishish",
        "Noravshan mantiqda qaysi qiymatlar qabul qilinishi mumkin?": "0 dan 1 gacha boʻlgan oʻzgaruvchilar",
        "Bilimlarni ifodalashda 'Agar... unda...' qoidasi qaysi usulga tegishli?": "Qoidalarga asoslangan ifoda",
        "Sun'iy intellekt yordamida kasalliklarni erta aniqlash qaysi sohada qoʻllanadi?": "Sogʻliqni saqlash",
        "Sigmoid funktsiyasi qanday qiymatlar diapazonini chiqaradi?": "0 dan 1 gacha",
        "Maʼlumotlarni intellektual tahlil qilishda 'soʻrovlar va hisobotlar' qachon tayyorlanadi?": "Soʻnggi bosqichda",
        "Qanday qilib 'df' dagi ma`lumotlar o‘zgartirilgan xolatini 'data'ga saqlash mumkin?": "df.to_csv('data.csv')",
        "RNN asosan qaysi turdagi ma’lumotlar bilan ishlashga mo‘ljallangan?": "Davomiy va ketma-ket ma’lumotlar",
        "Sun’iy intellektning asosiy xavf-xatari nimada deb hisoblanadi?": "Insonning o‘ziga zarar yetkazishi mumkinligi",
        "Qaysi bilimlarni ifodalash usuli inson miyasiga o‘xshash tarmoqli strukturani yaratadi?": "Semantik tarmoq",
        "merge() funksiyasining pandas kutubxonasida vazifasi qanday?": "Ikki DataFrame ni vertikal ravishda birlashtiradi",
        "Dropout texnikasi qanday maqsadda qo‘llaniladi?": "Haddan tashqari moslashishni oldini olish",
        "Mashinali o‘qitish qaysi soha bilan bevosita bog‘liq?": "Sun’iy intellekt",
        "JPEG siqish usuli asosan qanday fayllar uchun ishlatiladi?": "Raqamli fotosuratlar",
        "Noravshan mantiq modellari qaysi muallif tomonidan keng tadbiq etilgan?": "Lotfi Zadeh",
        "Bayes teoremasi qanday natijalarni beradi?": "Ma’lum ehtimol asosida yangilangan ehtimollarni hisoblaydi",
        "IDS (Iterative Deepening Search) qanday holatda qo‘llaniladi?": "Har bir qadamda chuqurlikni oshirish orqali qidirish",
        "Ma’lumotlar integratsiyasi jarayonining asosiy maqsadi nima?": "Ma’lumotlarni turli manbalardan birlashtirish",
        "Oddiy reaktiv agent qanday ma’lumotlardan foydalanadi?": "Faqat hozirgi holatni",
        "Ekspert tizimi o‘z bilimlarini qanday tahlil qiladi?": "Ma’lumotlar bazasi va mantiqiy qoidalar asosida",
        "Hajmi katta bo‘lgan media fayllarni siqish uchun ko‘pincha qaysi usul ishlatiladi?": "Yo‘qotishlar bilan siqish (lossy)",
        "Logistik regression nimani bashorat qilish uchun ishlatiladi?": "Ikki qiymatli natijalar",
        "Ikki oʻlchamli (3x4) arr massivini elementlarini gorizontal yoʻnalishda tartiblang.": "np.sort(arr, axis=1)",
        "Noravshan mantiqda 0 va 1 qiymatlari nimani anglatadi?": "Toʻliq notoʻgʻri va toʻliq toʻgʻri",
        "Mantiqiy modelning afzalligi nimada?": "Qoidalarga asoslangan bilimlarni formal ifodalashda",
        "Ekspert tizimi nima?": "Muayyan sohadagi bilim va tajribaga asoslangan maslahat beruvchi dasturiy taʼminot",
        "DataFrame df dan 'Yosh' nomli ustunni qanday tanlash mumkin?": "df['Age']",
        "Maʼlumotlarni intellektual tahlil qilish (data mining) jarayoni qaysi bosqichdan boshlanadi?": "Maʼlumotlarni tozalash",
        "Qaysi sunʼiy intellekt usuli tasniflash, klasterlash va regressiya bilan shugʻullanadi?": "Mashinani oʻrganish",
        "Mashinali oʻqitishda 'Overfitting' nimani anglatadi?": "Modelning maʼlumotlarga haddan tashqari moslashishini",
        "Oʻqituvchisiz oʻqitish algoritmlarining asosiy vazifasi nima?": "Maʼlumotlarni belgilarsiz tahlil qilish va tuzilmalarni aniqlash",
        "head() funksiyasi pandas kutubxonasida vazifasi qanday?": "DataFrame ning dastlabki 5 qatorini beradi",
        "Maʼlumotlarni integratsiyalashda 'mos kelish' (schema matching) nima?": "Manbalar oʻrtasida moslikni aniqlash",
        "Matplotlib yordamida oddiy chiziqli chizma qanday yaratiladi?": "plot()",
        "Agentning holatini saqlovchi qaysi agent hisoblanadi?": "Holatli agent",
        "DataFrame df dan 'Shahar' nomli ustunni qanday oʻchirish mumkin?": "df.drop('City', axis=1)",
        "Produksion model qaysi shaklda ifodalanadi?": "'Agar... unda...' qoidasi",
        "Ekspert tizimi bilimlarini qanday kiritish mumkin?": "Mutaxassislar tomonidan kiritingan qoidalar va faktlar yordamida",
        "Kuchli sunʼiy intellekt nimani anglatadi?": "Inson darajasida aql-idrokka ega boʻlish",
        "Qaysi sohada sunʼiy intellekt odatda qoʻllaniladi?": "Ijtimoiy media, sogʻliqni saqlash, moliya va boshqa koʻplab sohalarda",
        "Qaysi agent turi oʻz harakatlarining uzoq muddatli oqibatlarini hisobga oladi?": "Rejalashtiruvchi agent",
        "Qaysi qidiruv algoritmi eng past baholangan tugunni tekshirishga asoslangan?": "UCS",
        "Qaysi algoritm maʼlumotlarni klasterlarga ajratishda qoʻllaniladi?": "K-means",
        "Maʼlumotlarni klasterlash jarayonida “klaster markazi” nimani anglatadi?": "Klaster ichidagi oʻrtacha nuqta",
        "Oddiy chiziqli regressiyaning manosi?": "Oddiy chiziqli regressiya faqat bitta mustaqil o‘zgaruvchidan foydalangan holda bog‘liq o‘zgaruvchini bashorat qilishni o‘z ichiga oladi",
        "O‘qituvchisiz o‘qitishdagi asosiy afzallik nima?": "Belgilangani ma’lumotlar talab qilinmasligi",
        "DBSCAN algoritmida qaysi parametr ma’lumotlarning zichligini belgilaydi?": "Masofa chegarasi (eps)",
        "Qaysi agent turi oldindan belgilangan qoidalarga ko‘ra harakat qiladi?": "Oddiy reaktiv agent",
        "Sun’iy intellektda shaffoflik va tushuntirish imkoniyatlarini oshirish uchun qaysi yo‘nalishda izlanishlar olib borilmoqda?": "Explainable AI (XAI) yoki tushuntiriladigan sun’iy intellekt",
        "Ekspert tizimining muhim qismi bo‘lgan \"inference engine\" nima uchun xizmat qiladi?": "Bilimlarni asosiy ma’lumotlar asosida tahlil qilish va xulosa chiqarish uchun",
        "Avtonom transport vositalari sun’iy intellektning qaysi turiga misol bo‘la oladi?": "Zaif sun’iy intellekt",
        "Semantik tarmoq qanday ma’lumotlarni ifodalaydi?": "Ob’ektlar va ularning bog‘liqligini",
        "Matplotlibda subplot()funksiya nima qiladi?": "Joriy chizmaga pastki chizmalarni qo‘shadi",
        "Backpropagation qanday vazifani bajaradi?": "Tarmoqdagi vaznlarni yangilaydi",
        "Mashinali o‘qitishning qaysi turida ma’lumotlardagi belgilar belgilangan bo‘ladi?": "Nazoratli o‘qitish",
        "Ma’lumotlarni intellektual tahlil qilish eng ko‘p qaysi sohada qo‘llaniladi?": "Sog‘liqni saqlash va marketing",
        "Sun’iy intellektning rivojlanishida o‘zgaruvchan texnologik imkoniyatlar bilan bog‘liq asosiy muammo nima?": "Sun’iy intellekt tizimlarining tushuntirishga qiyinligi",
        "Qaysi sun’iy intellekt usuli tasniflash, klasterlash va regressiya bilan shug‘ullanadi?": "Mashinani o‘rganish",
        "Turing testining maqsadi kompyuterning qanday qobiliyatini sinashdan iborat?": "Inson kabi muloqot qilish qobiliyatini",
        "Regression tahlili qanday ma’lumotlarni tahlil qilish uchun ishlatiladi?": "Ma’lumotlar o‘rtasidagi bog‘liqlikni aniqlash",
        "FP-Growth algoritmi nimani tahlil qilish uchun ishlatiladi?": "Tezkor assotsiativ qoidalarni aniqlash",
        "Klasterni tahlil qilishda qanday mezon asosida ob’ektlar guruhlarga bo‘linadi?": "O‘xshashlik darajasiga ko‘ra",
        "Tabiiy tilni qayta ishlash (NLP) sun'iy intellektning qaysi sohasiga tegishli?": "Til va muloqot",
        "Sun’iy neyron tarmoqlar qanday ilhomlangan?": "Odam miyasi neyronlari va sinapslari tuzilishidan",
        "Principal Component Analysis (PCA) algoritmi nima uchun ishlatiladi?": "Ma’lumotlarni qisqartirish va asosiy komponentlarni aniqlash",
        "Decision Trees algoritmi qanday ishlaydi?": "Qaror qabul qilish jarayonini bo‘lish orqali",
        "Regression va klassifikatsiya algoritmlari nimasi bilan farqlanadi?": "Regression raqamli natijalarni beradi, klassifikatsiya esa sinflarga ajratadi",
        "Qaysi sohada sun’iy intellekt yordamida ishni avtomatlashtirish va mahsuldorlikni oshirishq yo‘nalishida keng izlanishlar olib borilmoqda?": "Ishlab chiqarish va sanoat",
        "Bilimlar bazasida qoidalar nimaga xizmat qiladi?": "Amallar bajarish qoidalarini belgilash uchun",
        "Bayes teoremasida \"shartli ehtimol\" nimani anglatadi?": "Ma’lum bir sharoitdagi ehtimol",
        "Qaysi yo‘nalish sun’iy intellektning ma’lumotlarga qaramligini kamaytirish uchun rivojlanmoqda?": "Kichik ma’lumotlar bilan o‘rganish (Few-shot learning)",
        "Bilimlarni namoyish etishdagi qoidalar qanday tasvirlanadi?": "Obʼekt va ularning oʻzaro bogʻlanishi orqali",
        "Qaysi qatlam SNTda barcha kirish maʼlumotlarini oʻz ichiga oladi?": "Kirish qatlami",
        "Qaysi taqdim etish modeli murakkab holatlar uchun mantiqiy yechimlarni taklif etadi?": "Produksion model",
        "Oʻz maqsadlarini aniqlay oladigan agent qaysi turga kiradi?": "Maqsadga yoʻnaltirilgan agent",
        "describe()Funktsiya pandas kutubxonasida nima vazifani bajaradi?": "DataFramedagi son ustunlarning tavsiflovchi statistikasi",
        "Qaysi jarayon maʼlumotlarni yagona, toʻliq va aniqlashtirilgan koʻrinishda saqlashga yordam beradi?": "Maʼlumotlar integratsiyasi",
        "Mashinani oʻrganish nima?": "Kompyuterga tajriba orqali yaxshilanish imkonini berish",
        "Sunʼiy intellekt nima?": "Odamlarga oʻxshash fikrlash va qaror qabul qilish qobiliyatiga ega tizimlar yaratish",
        "Lingvistik analizatorlarning turlari orasida so‘zlarning tuzilishini o‘rganadi:": "Morfologik analizator",
        "Lingvistik analizatorni qanday turlarga bo‘lib o‘rganish mumkin?": "Morfologik, sintaktik, semantik, leksik",
        "NLP nima va qaysi sohalarda qo'llaniladi?": "Tabiiy tilni qayta ishlash, matn tahlili, chat botlar, tarjimonlar",
        "Tabiiy tilni qayta ishlash texnologiyasida gap tahlili nima?": "Gapning strukturasini aniqlash",
        "Gap tahlili quyidagilarning qaysilarini o‘z ichiga oladi?": "Sintaktik va semantik tahlil",
        "Morfologik tahlilning birinchi bosqichi qaysi?": "So‘zlarni ajratish",
        "Sintaktik tahlilda qaysi bo‘laklarni aniqlash mumkin?": "So‘z turkumlari, gap tarkibi",
        "Gap turlarini aniqlash qaysi tahlilga tegishli?": "Sintaktik tahlil",
        "Sinonimlarning turlari qaysi tahlil doirasida ko‘rib chiqiladi?": "Semantik tahlil",
        "Morfologik tahlilda so‘z birikmalari qanday aniqlanadi?": "So‘zning turkumlari va shakllari orqali",
        "NLP ning bosqichlari to‘g‘ri keltirilgan qatorni toping:": "Tokenizatsiya → Morfologik tahlil → Sintaktik tahlil → Semantik tahlil",
        "NLP ning birinchi bosqichi qanday nomlanadi?": "Tokenizatsiya",
        "Sintaktik tahlilning asosiy vazifalaridan biri nima?": "Gapning grammatik tuzilishini aniqlash",
        "Stemming jarayoni nimani anglatadi?": "So‘zning ildiz shaklini aniqlash",
        "Lemmatizatsiya jarayoni to‘g‘ri keltirilgan qatorni toping:": "So‘zni ildizga keltirish va grammatik shaklini aniqlash",
        "Tokenizatsiya jarayoni to‘g‘ri keltirilgan qatorni toping:": "Matnni so‘zlarga ajratish",
        "Morfologik tahlilni amalga oshirish uchun qaysi kutubxonalardan foydalaniladi?": "NLTK, spaCy",
        "POST teglash jarayoni nimani anglatadi?": "So‘z turkumlarini aniqlash",
        "Sintaktik tahlilda qanday gaplar aniqlanadi?": "Grammatik tuzilishga asoslangan gaplar",
        "Sintaktik tahlil algoritmlari nimalarga asoslanadi?": "Grammatika qoidalari va strukturalar",
        "Sintaktik tahlil qaysi bosqichdan keyin amalga oshiriladi?": "Morfologik tahlil",
        "Parser tushunchasi nimani anglatadi?": "Sintaktik tahlilni amalga oshiruvchi dastur",
        "Grammatikaning dastlabki matematik modeli kim tomonidan taklif etilgan?": "Noam Chomsky",
        "Xomskiy grammatikasi nima?": "Grammatik strukturalarni tavsiflash uchun yaratilgan model",
        "Bugungi kunda qanday sintaktik analizatorlardan foydalanilmoqda?": "All of the above",
        "Semantik tahlil nima?": "Matnning ma'nosini tahlil qilish",
        "Leksik tahlilning asosiy maqsadi nima?": "So‘zlarning ma'nosini aniqlash",
        "Leksik semantika nimani anglatadi?": "So‘zlarning ma'no va kontekstga asoslangan tahlili",
        "Leksik semantikada qaysi tushuncha asosiy hisoblanadi?": "Ma'no",
        "Ma'lumotlar nima?": "Faktlar va raqamlar",
        "Axborot bu -?": "Ma'lumotlar, ular maqsadga yo‘naltirilgan holda ishlov berilgan",
        "Bilim bu nima?": "Axborot va tajriba asosida qilingan xulosalar",
        "Bilim hosil bo‘lishining to‘g‘ri ketma-ketligi qanday?": "Ma'lumot → Axborot → Bilim",
        "Bilimlarning qanday turlari mavjud?": "Formal va informal bilimlar",
        "Bilimlarni ajratib olishda maʼlumotlar qazib olish (Data mining) nima uchun ishlatiladi?": "Yashirin bilimlarni aniqlash va tuzish uchun",
        "Protsessual bilim nima?": "Vazifalarni bajarish uchun kerakli bilimlar",
        "Meta-bilim nima?": "Bilimlarni boshqarish va ularni ishlatish bo‘yicha bilim",
        "\"Data mining\"ning asosiy vazifasi nima?": "Yashirin va foydali bilimlarni aniqlash",
        "Bayes teoremasi qaysi sohada qo'llaniladi?": "Mashina o‘rganish va ehtimollik hisoblash",
        "Semantik tarmoq modeli qanday ishlaydi?": "Ma'lumotlarni tashkillashtirish va ularga semantik bog‘lanishlarni kiritish",
        "Mantiqiy model qanday ifodalanadi?": "Tavsiflovchi formulalar orqali",
        "Freym modelida nima saqlanadi?": "Bilimlar va ularning bog‘lanishlari",
        "Bilimlarni ifodalash qanday modellari mavjud?": "Semantik tarmoq modeli, Freym model, Ijrochi model",
        "Bilimlarni ajratib olishda nimalar amalga oshiriladi?": "Yashirin bilimlarni aniqlash",
        "Bilimlar bazasi nima?": "Bilimlarni saqlash va boshqarish tizimi",
        "Bilimlar bazasi nimalarni o‘z ichiga oladi?": "Bilimlar, faktlar va qoidalar",
        "Bilimlar bazasining samaradorligini oshirish uchun nima qilish mumkin?": "Ma'lumotlarni yangilash va takomillashtirish",
        "Ekspert tizimlarining asosiy komponentalari qaysilar?": "Bilimlar bazasi, chiqish mexanizmi, foydalanuvchi interfeysi",
        "Bilimlarni ajratib olishda qaysi usullar ishlatiladi?": "Klasterlash, tasniflash, assotsiatsiya",
        "Ekspert tizimlarida qaysi qoidalar qo'llaniladi?": "\"Agar-u holda\" (if-then) shartlari",
        "Produksion modellar qanday ishlaydi?": "\"Agar-u holda\" shartlariga asoslanadi",
        "Bayes teoremasi nimaga asoslanadi?": "Ehtimollik nazariyasiga",
        "Ekspert tizimlarida foydalanuvchi interfeysi qanday vazifani bajaradi?": "Foydalanuvchi bilan tizimni bog‘lash",
        "\"Agar-u holda\" (if-then) sharti qaysi modelda ishlaydi?": "Ekspert tizimlarida",
        "Bayes tarmog‘i nima?": "Ehtimollikni asoslangan tarmoq modeli",
        "Matnni ajratib olishda qanday yondashuvlar mavjud?": "So‘z ajratish, morfologik analiz",
        "Samarali bilimlar bazasi qanday tuziladi?": "Ma'lumotlar, qoidalar va metodlar asosida",
        "Bilimlarni ajratib olishda qaysi texnologiyalar ishlatiladi?": "NLP, mashina o‘rganish",
        "Ma'lumotlar bazasi bilan ekspert tizimi o‘rtasidagi farq nima?": "Ma'lumotlar bazasi faqat saqlash, ekspert tizimi qaror qabul qiladi",
        "Mashina o‘rganishning asosiy maqsadi nima?": "Avtomatik ravishda tajriba asosida o‘rganish",
        "Mashina o‘rganish qanday metodlarga bo‘linadi?": "Nazoratli, nazoratsiz va kuchli o‘rganish",
        "Ekspert tizimlarida bilimlar qanday taqdim etiladi?": "Qoidalar va protseduralar orqali",
        "Ekspert tizimlaridan foydalanishning asosiy afzalligi nima?": "Tizim foydalanuvchisiga tez va aniq maslahatlar berish",
        "Ekspert tizimining asosiy qismi bu?": "Bilimlar bazasi",
        "Ekspert tizimi qanday ishlaydi?": "Bilimlar bazasidan ma'lumotlarni olib, foydalanuvchiga yechim taklif etadi",
        "Ekspert tizimi qanday muammolarni hal qilishda samarali?": "Murakkab va noma'lum muammolarni hal qilishda",
        "Sun'iy neyron qanday maqsadda ishlatiladi?": "Yashirin naqshlarni aniqlash va qarorlar qabul qilish",
        "Neyron tarmoq qanday biologik tizimdan ilhomlangan?": "Inson miya",
        "Neyronning asosiy vazifasi nima?": "Signalni qabul qilish va qayta ishlash",
        "Quyidagilardan qaysi biri aktivlashtirish funksiyasi emas?": "Logarifmik",
        "Neyron tarmoqning qaysi qatlamida natija olinadi?": "Chiqish qatlamida",
        "Klasifikatsiya algoritmlarining misollari qaysilar?": "Naiv Bayes, KNN, SVM",
        "KNN algoritmi qanday ishlaydi?": "Mahalliy qo‘shni nuqtalar asosida tasniflash",
        "SVM algoritmi nima?": "Yangi ma'lumotlarni toifalash uchun eng yaxshi ajratuv chiziqlarini topish",
        "Ma'lumotlarni klasterlash nima?": "Oxshash ma'lumotlarni guruhlarga ajratish",
        "Klasterlash algoritmlarining misollaridan biri nima?": "K-means",
        "K-means algoritmi qanday ishlaydi?": "Ma'lumotlarni k guruhga ajratadi, markazlarni yangilaydi",
        "Neural network nima?": "Avtomatik ravishda o‘rganishni amalga oshiruvchi tizim",
        "Neural network qanday ishlaydi?": "Kirish va chiqish o‘rtasida o‘rganish jarayonini amalga oshiradi",
        "Deep learning nima?": "Kengaytirilgan neyron tarmoqlaridan foydalangan o‘rganish",
        "Qaror daraxti qanday ishlaydi?": "Qarorlarni qabul qilish uchun qoidalar tarmog‘ini yaratadi",
        "Random forest nima?": "Ko‘p qaror daraxtlaridan tashkil topgan model",
        "Boshqa algoritmlarni mukammallashtirishda qanday metodlar ishlatiladi?": "Giperparametrlarni sozlash, bagging",
        "Kuchli o‘rganishning muammolari nimalardan iborat?": "To‘g‘ri ta'lim ma'lumotlarini olish, ko‘p vaqt talab etilishi",
        "Qo‘llaniladigan eng mashhur NLP kutubxonalari qaysilar?": "NLTK, spaCy, Gensim",
        "Hozirgi kunda NLP uchun ishlatiladigan mashhur modellar qaysilar?": "BERT, GPT, T5",
        "BERT modeli nima?": "Kontekstga asoslangan matnni tushunish modeli",
        "GPT modeli nima?": "Kengaytirilgan matn yaratish uchun ishlatiladigan model",
        "NLP da lemmatizatsiya nima?": "So‘zning asosiy shaklini olish jarayoni",
        "Stemming va lemmatizatsiya farqi nima?": "Stemming so‘z ildizini olib, lemmatizatsiya to‘g‘ri leksik shaklni beradi",
        "Matnni to‘g‘rilash va aniqlikni oshirishda qanday metodlar qo‘llaniladi?": "Grammatik tahlil, lemmatizatsiya",
        "Mashina o‘rganish va chuqur o‘rganish orasidagi farq nima?": "Mashina o‘rganish oddiy algoritmlardan, chuqur o‘rganish esa neyron tarmoqlari va katta ma'lumotlardan foydalanadi",
        "NLP tahlilida ma'lumotlar preprotsessing jarayoni nima?": "Ma'lumotlarni tozalash, normalizatsiya qilish",
        "Mashina o‘rganishda ehtimollik va statistika qanday ishlatiladi?": "Kutilgan natijalarni bashorat qilish",
        "NLP’da kontekstual ma'lumotlarni qanday tahlil qilish mumkin?": "BERT kabi modellar yordamida",
        "Text mining nima?": "Matnlarni tahlil qilish va ulardan bilimlar olish jarayoni",
        "Text miningda qaysi usullar ishlatiladi?": "Klasterlash, tasniflash, sentiment tahlili",
        "NLP da sentiment tahlili nima?": "Matnning hissiy holatini aniqlash",
        "Sentiment tahlilini qaysi algoritmlar amalga oshiradi?": "Naiv Bayes, LSTM, BERT",
        "NLP da named entity recognition nima?": "Matnda ma'lum bir shaxs, joy yoki tashkilotni aniqlash",
        "Maʼlumotlarni tozalash yoki maʼlumotlarni oldindan qayta ishlash (data cleaning) - bu?": "Noto'g'ri, yo'qolgan yoki keraksiz ma'lumotlarni tozalash jarayoni",
        "Oʻrtacha/median rejimdan foydalanish ma'lumotlarni qayta ishlashning qaysi bosqichi hisoblanadi?": "Tozalash",
        "Qiymatlarni diskretlashtirish - bu?": "Uzunlik, vazn yoki boshqa davomli o'zgaruvchilarni ma'lum bir oralig'ga qisqartirish jarayoni",
        "Qiymatlarni tabiiy bogʻlash (Data binning) - bu?": "Ma'lumotlarni ma'lum oraliqlarga bo'lish jarayoni",
        "Teng chastotali bog‘lash (Binning)-bu?": "Ma'lumotlarni teng sonli guruhlarga bo‘lish jarayoni",
        "Teng masshtabda joylashtirish-bu?": "Ma'lumotlarni bir-biriga teng bo‘lgan o‘lchamda ko'rsatish jarayoni",
        "Maʼlumotlarni siqish (data compression) - bu?": "Ma'lumotlarni hajmini kamaytirish jarayoni",
        "Ma'lumotlarni qidirish algoritmlari (Data search) -bu?": "Ma'lumotlarni tez va samarali tarzda topish jarayoni",
        "Chiziqli qidiruv -bu?": "Ma'lumotlarni birma-bir tekshirish jarayoni",
        "Axborotsiz qidiruv algoritmlarining umumiy xususiyati qaysi?": "Hech qanday yordamchi ma'lumotlardan foydalanilmaydi",
        "Kenglik-birinchi qidiruv (BFS) qanday ma’lumot tuzilmasidan foydalanadi?": "Graf yoki daraxt strukturasidan",
        "Chuqurlikdagi birinchi qidiruv (Depth first search yoki DFS) algoritmi qaysi kamchilikka ega?": "Ko'p xotira talab qiladi",
        "Chuqurlik bilan cheklangan qidiruv (DLS) qanday afzallikka ega?": "Resurslar bilan samarali ishlaydi",
        "Ikki tomonlama qidiruvning (Bidirectional Search) asosiy afzalligi nima?": "Qidiruvni tezlashtiradi",
        "Chuqurlik bilan cheklangan qidiruvning asosiy afzalligi nima?": "Resurslar bilan samarali ishlaydi",
        "Mashinali o'qitishning qaysi turi belgilangan(yorliqlangan) ma'lumotlardan foydalanadi?": "Nazoratli o'qitish",
        "O'qituvchisiz o'qitish qanday ma'lumotlardan foydalanadi?": "Yorliqlanmagan ma'lumotlar",
        "Mustahkamlangan o'qitish usuli qaysi sohalarda keng qo'llaniladi?": "O'yinlar va robototexnikada",
        "Normallashtirish nima uchun qo'llaniladi?": "Ma'lumotlarning turli o'lchovlarini yagona o'lchovlarga keltirish",
        "Normallashtirilgan qiymat": 0.444,
        "Normallashtirishning asosiy maqsadi": "Ma'lumotlarni yagona o'lchovlarga keltirish",
        "Standartlashtirish jarayonida μ nimani ifodalaydi?": "O'rtacha qiymat",
        "Bias (ozod had) qanday ahamiyatga ega?": "Modelni sozlashda qaysidir xatolikni kamaytiradi",
        "Shovqin modelda qanday rol o'ynaydi?": "Modelni yanada murakkablashtiradi",
        "Variance qanday muammo bilan bog'liq?": "O'rgatish ma'lumotlaridan haddan tashqari moslashish",
        "Oʻrta kvadratik xatolik (Mean Squared Error MSE) asosiy vazifasi nima?": "Modelning xatoliklarini o'lchash",
        "Chalkashlik matritsasi (Confusion Matrix) asosan qaysi masalalarni yechishda foydalaniladi?": "Klassifikatsiya masalalari",
        "Haqiqiy ijobiylar (True Positive TP) qanday ma'no anglatadi?": "Model to'g'ri ijobiy natijani berdi",
        "Haqiqiy negativlar (True Negative TN) qanday ma'no anglatadi?": "Model to'g'ri salbiy natijani berdi",
        "Notoʻg‘ri pozitivlar (False Positive FP) qanday ma'no anglatadi?": "Model noto'g'ri ijobiy natijani berdi",
        "Notoʻg‘ri negativlar (False Negative FN) qanday ma'no anglatadi?": "Model noto'g'ri salbiy natijani berdi",
        "Aniqlikni (Precision) hisoblash-bu?": "To'g'ri ijobiy natijalarni jami ijobiy natijalar soniga bo'lish",
        "Gradiyent tushish algoritmining asosiy vazifasi nima?": "Xatolikni minimallashtirish uchun parametrlarni optimallashtirish",
        "Batch Gradiyent pastlash algoritmi qachon ishlatiladi?": "Butun trening to'plami bilan ishlashda",
        "Batch Gradiyent pastlashda qanday kamchilik mavjud?": "Yaxshi natijalarga erishish uchun ko'p vaqt talab etadi",
        "Mini-Batch Gradiyent pastlashda \"b\" nimani anglatadi?": "Batch o'lchami",
        "Mashinali o‘qitishda loss funksiyasining vazifasi nima?": "Modelning xatolik darajasini o'lchash",
        "Stoxastik Gradiyent pastlash qachon ishlatiladi?": "Har bir ma'lumot nuqtasi uchun gradiyent yangilanishi",
        "Normallashtirishning asosiy vazifasi nima?": "Ma'lumotlarni yagona o'lchovlarga keltirish",
        "Gradiyent tushishning qanday turlari mavjud?": "Batch, Mini-Batch, Stoxastik",
        "Mini-Batch Gradiyent pastlash algoritmi qanday afzalliklarga ega?": "Tezroq natijalarga erishish imkonini beradi",
        "Stoxastik Gradiyent pastlash algoritmi qanday ishlaydi?": "Har bir ma'lumot nuqtasi uchun gradiyentni yangilaydi",
        "O‘qituvchili o‘qitishda mashinalar qanday ma’lumotlardan foydalanadi?": "Belgilangan (yorliqlangan) ma'lumotlar",
        "Chiziqli regressiya qaysi turdagi qiymatlarni bashorat qilish uchun ishlatiladi?": "Uzluksiz qiymatlar",
        "Chiziqli regressiyada qiymat funksiyasi qanday asosiy maqsadni bajaradi?": "Yaxshi fit (moslashish)ni ta'minlash",
        "Gradiyent pastlashning asosiy maqsadi nima?": "Xatolikni minimallashtirish",
        "Chiziqli regressiyada gradiyent va bias qiymatlari qanday aniqlanadi?": "Gradiyentni va biasni xatolik funksiyasiga asoslanib optimallashtirish",
        "Polinomial regressiyaning asosiy vazifasi nima?": "Kattaroq va murakkab o'zgarishlarni modellashtirish",
        "Logistik regressiyaning asosiy vazifasi qanday?": "Ikkilamchi tasniflash masalalarini hal qilish",
        "Sigmoid funksiyasining qiymatlari qaysi oraliqda bo‘ladi?": "0 va 1",
        "Polinomial regressiyaning qaysi darajasi murakkab modelni ifodalaydi?": "Yuqori daraja",
        "K-NN algoritmi qaysi muammolarni hal qilishda keng qo'llaniladi?": "Klassifikatsiya va regressiya",
        "K-NN algoritmida test ma'lumotlari qanday tasniflanadi?": "O'rgatish ma'lumotlariga eng yaqin bo'lgan qo'shnilar asosida",
        "SVM algoritmida qaror chegarasini qanday ataladi?": "Giperplan",
        "SVM algoritmi qanday muammoni hal qilishda ishlatiladi?": "Klassifikatsiya",
        "K-NN algoritmidagi Evklid masofasi nima uchun ishlatiladi?": "Kiritilgan nuqtalar orasidagi masofani hisoblash",
        "SVM algoritmida giperplan yordamida nima aniqlanadi?": "Qaror chegarasi",
        "Regulyarizatsiya nima?": "Modelning haddan tashqari moslashishini oldini olish uchun qo'llaniladigan texnika",
        "Ridge regressiyasi qanday usul?": "L2 regulyarizatsiyasi",
        "Lasso regressiyasining afzalligi nima?": "O'zgaruvchilarni tanlab olish imkoniyatini beradi",
        "Gradiyent tushish algoritmi nima uchun ishlatiladi?": "Modelning xatolik funksiyasini minimallashtirish",
        "Ensemble learning nima?": "Bir nechta modelning natijalarini birlashtirish",
        "O'rta kvadratik xatolik (MSE) funksiyasi qanday ishlaydi?": "Modelning prognozlari va haqiqiy qiymatlar o'rtasidagi farqni kvadratlash",
        "Boshlang‘ich klaster markazlari qanday tanlanadi?": "Tasodifiy tanlov",
        "K-Means Clustering qanday turdagi algoritm?": "Klasterlash algoritmi",
        "Evklid masofasining asosiy vazifasi nima?": "Ma'lumotlar orasidagi masofani o'lchash",
        "K-Means klasterlash algoritmining to‘g‘ri vazifalaridan biri qaysi?": "Ma'lumotlarni klasterlarga ajratish",
        "Support Vector Machine (SVM) algoritmi qaysi hollarda ishlatiladi?": "Klassifikatsiya masalalarini hal qilish",
        "Chuqur o‘qitish nima?": "Neyron tarmoqlarini o'rganish usuli",
        "Chuqur o‘qitish algoritmlarida ishlatiladigan neyron tarmoqlari qaysi qatlamlardan iborat?": "Kirish, yashirin va chiqish qatlamlari",
        "Oldinga harakatlanuvchi neyron tarmoqda qatlamlar orasidagi funksiyalarni qanday ataladi?": "Aktivatsiya funksiyalari",
        "Neyron tarmoqlaridagi faollashtirish funksiyasi nima?": "Neyronning chiqishini hisoblash",
        "Chuqur o‘qitish tarmoqlarining \"chuqurligi\" nimani anglatadi?": "Neyron tarmog‘idagi qatlamlar soni",
        "Oldinga harakatlanuvchi neyron tarmoqda qaysi qatlam kirish ma’lumotlarini qabul qiladi?": "Kirish qatlam",
        "Chuqur o‘qitishda neyron tarmoq qanday usuldan foydalanib o‘rganadi?": "Backpropagation (orqaga tarqatish) usuli",
        "Ko‘p qatlamli perseptronning (KQP) asosiy maqsadi nima?": "Murakkab munosabatlarni modellashtirish",
        "Back Propagation Error (BP) algoritmi nima?": "Modeldagi xatolikni orqaga tarqatish",
        "ReLU (Rectified Linear Unit) funksiyasining asosiy afzalligi nima?": "Ijobiy qiymatlarni saqlaydi va salbiylarni nolga o'zgartiradi",
        "Leaky ReLU ning xususiyati qanday?": "Salbiy qiymatlarni kichik bir qadamda saqlaydi",
        "Softmax funksiyasi nima uchun qo‘llaniladi?": "Klassifikatsiya natijalarini normalize qilish",
        "Softmax funksiyasining natijasida qanday qiymatlar olinadi?": "0 va 1 orasidagi qiymatlar",
        "Ortga siljish algoritmida qanday hisoblashlar amalga oshiriladi?": "Xatolikni orqaga tarqatish",
        "CNN arxitekturasi qatlamlar to'liq ko'rsatilgan javobni toping?": "Konvolyutsiya, maxsus pooling, to'liq ulanish",
        "Sunʼiy intellekt nima? ": "Insonning fikrlash va qaror qabul qilish qobiliyatlarini taqlid qilish",
        "Robot so'zi kim tomonidan va qachon fanga kiritilgan?": "Karel Čapek, 1920 yil",
        "Sun'iy intellekt atamasi kim tomonidan fanga kiritilgan?": "John McCarthy, 1956 yil",
        "Taqlid oʻyini deb nomlangan mashina intellektini sinab koʻrishni testini kim taklif qilgan?": "Alan Turing",
        "Sunʼiy intellekt shaklidagi birinchi ekspert tizimi kim tomonidan yaratildi?": "Edward Feigenbaum",
        "Sunʼiy intellektning rivojlanish davri nechanchi yillarga to'g'ri keladi?": "1950-1970 yillar",
        "Sunʼiy intellektning yetuklikka erishish davri nechanchi yillarga to'g'ri keladi?": "2010-2020 yillar",
        "Sunʼiy intellekt paydo boʻlish davri nechanchi yillarga to'g'ri keladi?": "1950-yillar",
        "Sunʼiy intellektning rivojlanishdan toʻxtash davri nechanchi yillarga to'g'ri keladi?": "1980-yillar",
        "Nutqni aniqlash dasturini dastlab qaysi kompaniya ishlab chiqardi?": "IBM",
        "Shaxmat boʻyicha jahon chempioni shaxmat oʻyinida magʻlub etgan birinchi dasturni qaysi kompaniya ishlab chiqdi?": "IBM",
        "Siri virtual yordamchisi qaysi kompaniyaga tegishli?": "Apple",
        "Chat GPT qaysi kompaniyaga tegishli?": "OpenAI",
        "Copilot chati qaysi kompaniyaga tegishli?": "Microsoft",
        "Qaysi sun’iy intellekt yondashuvi odam qobiliyatlarini takrorlash va taqlid qilishga harakat qiladi?": "Ekspert tizimlari",
        "Sun’iy intellektning eng katta cheklovlaridan biri nima?": "Qiyin masalalarni to‘liq avtomatlashtirishga qodir emas",
        "Qaysi sabab tufayli sun’iy intellekt modelining o‘rganishi cheklanishi mumkin?": "Kam sonli o‘rgatuvchi ma’lumotlar va cheklangan resurslar",
        "Sun’iy intellekt sohasidagi eng katta tendensiyalardan biri nima?": "Mustaqil o‘rganish qobiliyatini oshirish",
        "Hozirgi kunda sun’iy intellektning rivojlanishida eng ko‘p foydalanilayotgan texnologiya qaysi?": "Chuqur o‘rganish (Deep Learning)",
        "Sun’iy intellektning qaysi yo‘nalishi texnik vositalar bilan muvofiqlashtirilgan holda ishlovchi 'aqlli shaharlar'ni yaratishda muhim hisoblanadi?": "IoT (Internet of Things) va Sun’iy Intellekt integratsiyasi",
        "Sun’iy intellekt yordamida ma'lumot xavfsizligi va maxfiyligini oshirish uchun qaysi texnologiya ishlab chiqilmoqda?": "Federativ o‘rganish",
        "Qaysi tendensiya sun’iy intellektning qiyinroq va texnik jihatdan murakkab masalalarni mustaqil hal qilish qobiliyatini oshirishga qaratilgan?": "Reinforcement Learning",
        "Qaysi sun’iy intellekt sohasi robototexnika va avtomatlashtirilgan boshqaruv sohalarida keng foydalanilmoqda?": "Kuchaytirilgan o‘rganish (Reinforcement Learning)",
        "Qaysi sohada sun’iy intellekt yordamida ishni avtomatlashtirish va mahsuldorlikni oshirish yo‘nalishida keng izlanishlar olib borilmoqda?": "Ishlab chiqarish va sanoat",
        "Sun’iy intellekt texnologiyalari qaysi sohada kadrlar ta’limi va rivojlanishida keng qo‘llanilishi kutilmoqda?": "Kadrlar ta’limi va rivojlanishi (HR va ta’lim)",
        "Turing testi kim tomonidan taklif qilingan?": "Alan Turing",
        "Turing testi qanday maqsadda ishlab chiqilgan?": "Kompyuterning inson kabi fikrlashini tekshirish uchun",
        "Turing testining asosiy jarayoni qanday o‘tkaziladi?": "Inson va kompyuterning dialog orqali muloqot qilish qobiliyatini sinash",
        "Turing testida inspektor (o‘tkazuvchi shaxs) qanday vazifani bajaradi?": "Kompyuter yoki inson bilan suhbat orqali qaysi biri ekanini aniqlaydi",
        "Turing testi qaysi yilda taklif qilingan?": "1950",
        "Turing testining asosiy mezoni nima?": "Kompyuterning inson kabi fikr yuritishi va muloqot qilishi",
        "Turing testida suhbat qanday tarzda amalga oshiriladi?": "Yozma yoki matnli shaklda",
        "Turing testining asosiy tanqidlari nimaga qaratilgan?": "Kompyuterning qobiliyati va hissiyotlari yo‘qligi",
        "Turing testiga muqobil sifatida ko‘rsatiladigan asosiy testlardan biri nima?": "Loebner testi",
        "Turing testini muvaffaqiyatli o‘tgan dastur qanday deb nomlanadi?": "Chatterbot yoki Chatbot",
        "Turing testi qanday intellektual qobiliyatlarni tekshiradi?": "Muloqot qilish qobiliyati va mantiqiy fikrlash",
        "Turing testidan muvaffaqiyatli o‘tgan birinchi kompyuter dasturi qaysi edi?": "Eliza",
        "Inson bilan kompyuter muloqoti qanday bo‘lsa, Turing testi muvaffaqiyatli deb hisoblanadi?": "Inson kompyuterni insondan ajrata olmasa",
        "Sun’iy intellektning asosiy maqsadi nima?": "Insonning fikrlash qobiliyatini taqlid qilish",
        "Sun’iy intellekt yordamida avtomatik ravishda ma’lumotlarni tahlil qilish qanday foyda beradi?": "Ishlash vaqtini kamaytiradi",
        "Sun'iy intellekt tizimlarining asosiy afzalliklaridan biri nima?": "Ular doimiy o'rganish qobiliyatiga ega",
        "Sun'iy intellekt yordamida kasalliklarni erta aniqlash qaysi sohada qo‘llanadi?": "Sog‘liqni saqlash",
        "Sun’iy intellektning turlari qaysi asosiy toifalarga bo‘linadi?": "Zaif va kuchli",
        "Zaif sun’iy intellektning vazifasi nimadan iborat?": "Muayyan bir vazifani bajarish",
        "Kuchli sun’iy intellekt nimani anglatadi?": "Inson darajasida aql-idrokka ega bo‘lish",
        "Sun’iy intellektning qaysi turi eng rivojlangan hisoblanadi?": "Super sun’iy intellekt",
        "Kuchli sun’iy intellektni yaratish uchun qanday omillar kerak?": "Aql-idrok va o‘z-o‘zini o‘rganish qobiliyati",
        "Yuzni tanish texnologiyasi qaysi sun’iy intellekt sohasiga kiradi?": "Biometrik xavfsizlik",
        "\"O'z-o'zidan o'rganish\" sun'iy intellektning qaysi xususiyatiga xos?": "O‘rganish va moslashish",
        "Super sun’iy intellekt yaratilsa, qaysi sohada inqilob yuzaga kelishi mumkin?": "Genom tahlili va ilmiy tadqiqotlar",
        "Robototexnika va sun'iy intellektning birlashmasi qanday imkoniyatlarni yaratishi mumkin?": "Mustaqil ishlay oladigan mashinalarni yaratadi",
        "Sun’iy intellektning tibbiyotda qo‘llanilishi qaysi maqsadga xizmat qiladi?": "Kasalliklar va tahlillarni aniqlash",
        "Mashinasozlikda sun'iy intellekt qanday vazifani bajaradi?": "Ishlab chiqarish jarayonlarini avtomatlashtirish",
        "Ma’lumotlarni intellektual tahlil qilish (data mining) jarayoni qaysi bosqichdan boshlanadi?": "Ma’lumotlarni tozalash",
        "Intellektual tahlilning qaysi turi ma’lumotlar orasidagi yashirin bog‘liqliklarni aniqlashga yordam beradi?": "Assotsiativ tahlil",
        "Ma’lumotlarni tozalash bosqichi nima uchun zarur?": "Noaniq va noto‘g‘ri ma’lumotlarni olib tashlash uchun",
        "Ma’lumotlarni assotsiativ tahlil qilish qanday texnikadan foydalanadi?": "Apriori algoritmi",
        "Ma’lumotlarni klasterlash jarayonida “klaster markazi” nimani anglatadi?": "Klaster ichidagi o‘rtacha nuqta",
        "Qaysi algoritm katta hajmli ma’lumotlar bilan ishlashda qulay hisoblanadi?": "FP-Growth",
        "Klassifikatsiya algoritmining maqsadi nima?": "Ma’lumotlarni sinflarga ajratish",
        "Klasterni tahlil qilish qaysi sohaga tegishli?": "Sun’iy intellekt",
        "Sun’iy intellekt va intellektual tahlil asosida qaysi jarayonni avtomatlashtirish mumkin?": "Qaror qabul qilish",
        "Assotsiativ tahlil qaysi sohada muhim hisoblanadi?": "Savdo va marketingda",
        "Ma’lumotlarni intellektual tahlil qilishda 'so’rovlar va hisobotlar' qachon tayyorlanadi?": "So‘nggi bosqichda",
        "Ma’lumotlar transformatsiyasi nima uchun amalga oshiriladi?": "Ma’lumotlarni aniq formatga keltirish uchun",
        "Ma’lumotlarni normalizatsiya qilishning asosiy maqsadi nima?": "Ma’lumotlarni bitta umumiy o‘lchovga keltirish",
        "Qaysi jarayon ma’lumotlarni yagona, to‘liq va aniqlashtirilgan ko‘rinishda saqlashga yordam beradi?": "Ma’lumotlar integratsiyasi",
        "Ma’lumotlarni tozalash qanday maqsadda amalga oshiriladi?": "Noto‘g‘ri yoki keraksiz ma’lumotlarni olib tashlash",
        "Ma’lumotlarni siqishning asosiy maqsadi nima?": "Ma’lumotlar hajmini kamaytirish",
        "Qaysi algoritm ma’lumotlarni yo‘qotishlarsiz siqish uchun ishlatiladi?": "LZW",
        "Ma’lumotlarni siqishda 'yo‘qotishlarsiz' (lossless) usul qanday maqsad uchun ishlatiladi?": "Ma’lumotlarni butunligicha saqlab qolish",
        "Yo‘qotishlarsiz siqish algoritmlariga misol qaysi?": "ZIP",
        "Ma’lumotlarni integratsiyalashda 'mos kelish' (schema matching) nima?": "Manbalar o‘rtasida moslikni aniqlash",
        "Ma’lumotlarni transformatsiya qilish jarayonida normalizatsiya nima uchun zarur?": "Ma’lumotlarni yagona diapazonga keltirish uchun",
        "Ma’lumotlar bazasini integratsiyalashda asosan qaysi usul ishlatiladi?": "ETL (Extract, Transform, Load)",
        "Qaysi ombor ma’lumotlar integratsiyasi natijasida shakllanadi?": "Data Lake",
        "“Run-Length Encoding” siqish usuli qanday ishlaydi?": "Takroriy qiymatlarni siqish orqali",
        "Qaysi jarayonda ma’lumotlarni yuqori darajada siqish orqali o‘lchami kichikroq qilish mumkin, ammo ma’lum darajada sifat yo‘qotiladi?": "Yo‘qotishlar bilan siqish",
        "Yo‘qotishlarsiz siqishda fayl hajmi qanday o‘zgaradi?": "Ma’lum darajada kichrayadi, lekin sifat saqlanadi",
        "Qaysi qidiruv algoritmi eng qisqa yo'lni topish uchun ishlatiladi?": "BFS (Breadth First Search)",
        "Qaysi qidiruv algoritmi har bir qadamda minimal baholangan tugunni tanlaydi?": "UCS (Uniform Cost Search)",
        "Hevristik qidiruv algoritmlariga qaysi algoritm misol bo‘ladi?": "A* algoritmi",
        "Hevristika nima?": "Tezroq natijaga erishish uchun taxminiy baholash",
        "BFS algoritmi qaysi holatda ishlatiladi?": "Minimal chuqurlikdagi tugunni topish uchun",
        "Qaysi qidiruv algoritmi yo‘lning umumiy bahosiga qarab yo‘llarni qidiradi?": "UCS (Uniform Cost Search)",
        "Qaysi algoritm optimal yechim topish uchun har bir tugunni tekshiradi?": "UCS (Uniform Cost Search)",
        "Ma'lumotsiz qidiruv algoritmlariga misol qaysi?": "BFS va DFS",
        "Hevristika asosida ishlaydigan algoritm qaysi?": "A*",
        "IDS algoritmi qanday afzalliklarga ega?": "Cheksiz chuqurlikda qidirishga imkon beradi",
        "Agentning asosiy xususiyati nimadan iborat?": "Muhit bilan o‘zaro aloqada bo‘lish",
        "Intellektual agentlar qanday tushuniladi?": "Qaror qabul qiluvchi va harakat qiluvchi tizimlar",
        "O‘z maqsadlarini aniqlay oladigan agent qaysi turga kiradi?": "Maqsadga yo‘naltirilgan agent",
        "Intellektual agentlarning asosiy tarkibiy qismlaridan biri qaysi?": "Sensorlar",
        "Qaysi agent turi o‘z harakatlarining uzoq muddatli oqibatlarini hisobga oladi?": "Rejalashtiruvchi agent",
        "Sensorlarning agentga qanday ta'siri bor?": "Muhitni o‘zgarishini aniqlash imkonini beradi",
        "Holatli agent qaysi komponentdan foydalanadi?": "Sensor va ichki xotiradan",
        "Qaysi agent o‘z faoliyatida sezgi asosida harakat qiladi?": "Oddiy reaktiv agent",
        "Intellektual agent qaysi vazifani bajarishi bilan ajralib turadi?": "Maqsadga erishishga yo‘naltirilgan harakatlarni bajarish",
        "O‘z vazifalarini mustaqil ravishda belgilaydigan agent qanday ataladi?": "Avtonom agent",
        "Intellektual agentning qaror qabul qilish qobiliyatini nimaga asoslaydi?": "Bilim bazasi va qoidalariga",
        "Bilimlarni namoyish etish nimani anglatadi?": "Bilimlarni formal tizimda saqlash va ko‘rsatish",
        "Qaysi usul bilimlarni ifodalashning eng asosiy shakli hisoblanadi?": "Qoidalarga asoslangan ifoda",
        "Qoidalarga asoslangan bilim namoyishida qoidalar qanday ifodalanadi?": "\"Agar... unda...\" ko‘rinishida",
        "Ontologiya qanday bilimlarni ifodalash usuli hisoblanadi?": "Ob’ektlar va ularning o‘zaro bog‘liqligini tavsiflash",
        "Semantik tarmoqlar qanday bilimlarni namoyish etish uchun mo‘ljallangan?": "Ob’ektlar va ularning bog‘liqligini ifodalash uchun",
        "Ontologiya nimani ifodalash uchun ishlatiladi?": "Ma'lum predmetlar va ularning o‘zaro bog‘liqligini aniqlash uchun",
        "Bilimlarni ramka shaklida ifodalash qachon qo‘llaniladi?": "Strukturaviy bilimlarni tasvirlashda",
        "Bilimlarni ifodalashda \"Agar... unda...\" qoidasi qaysi usulga tegishli?": "Qoidalarga asoslangan ifoda",
        "Semantik tarmoqlar qanday afzallikka ega?": "Ob’ektlar va ularning munosabatlarini oson ifodalaydi",
        "Qaysi bilimlarni ifodalash usuli atribut qiymatlari bilan bog‘liq?": "Ramkalar",
        "Intellektual tizimlarda ontologiyaning vazifasi nimadan iborat?": "Bilimlarni bir tizimga keltirish va ularning o‘zaro bog‘liqligini ko‘rsatish",
        "Bilimlarni namoyish etishda ramka ichida qanday ma'lumotlar mavjud bo‘ladi?": "Ob’ekt atributlari va qiymatlari",
        "Bilimlar bazasida \"ontologiya\" tushunchasi qaysi bilimlarni ifodalashga yordam beradi?": "Predmetlar va ularning o‘zaro munosabatlarini",
        "Freym modeli qanday bilimlarni taqdim etishda qo‘llaniladi?": "Strukturaviy va umumiy bilimlarni",
        "Mantiqiy model nimaga asoslangan?": "Formal mantiq qoidalariga",
        "Freym modeli qanday struktura yordamida bilimlarni saqlaydi?": "Ob’ektning atributlari va qiymatlari orqali",
        "Produksion qoidalar qaysi ma’lumotlarni taqdim etishda foydalidir?": "Harakat va qaror qabul qilish qoidalarini",
        "Semantik tarmoq nimani ifodalash uchun mo‘ljallangan?": "Ob’ektlar va ularning munosabatlarini",
        "Freym modelida har bir freym nimani ifodalaydi?": "Muayyan ob’ekt yoki holatni",
        "Mantiqiy ifodalar qayerda qo‘llaniladi?": "Formallik talab etilgan mantiqiy tizimlarda",
        "Semantik tarmoqlar qanday shaklda ifodalanadi?": "Ob’ektlar va ularning o‘zaro bog‘liqlik grafigida",
        "Semantik tarmoq qanday vazifani bajaradi?": "Ob’ektlar o‘rtasidagi munosabatlarni tushuntiradi",
        "Freym modeli qanday ma’lumotlarni ifodalash uchun mos keladi?": "Ob’ektlarning tavsifini",
        "Qaysi model ob’ekt va hodisalarni o‘zaro bog‘langan tizimda tasvirlaydi?": "Semantik tarmoq",
        "Noravshan mantiq qaysi turdagi muammolarni yechishda qo‘llaniladi?": "Aniqlikni talab qilmaydigan, noaniq holatlarni tahlil qilishda",
        "Noravshan mantiqda “haqiqat qiymati” qanday ifodalanadi?": "0 dan 1 gacha bo‘lgan qiymatlar oralig‘ida",
        "Noravshan mantiq modellarida \"a’zolik darajasi\" nima?": "Qiymatlar biror elementning belgilangan sinfga tegishliligini ifodalaydi",
        "Bayes teoremasida yangi ma’lumotlar qanday tahlil qilinadi?": "Yangi ma’lumotlar yordamida ehtimol qayta hisoblanadi",
        "Noravshan mantiqda qiymatlar o‘rtasidagi bog‘liqlikni qanday ifodalash mumkin?": "Qisman yoki to‘liq bog‘liqlik darajasini ko‘rsatish bilan",
        "Noravshan mantiq modellarida \"noravshanlik\" qaysi vazifani bajaradi?": "Noaniqlikni ifodalaydi",
        "Bayes teoremasi qaysi sohada keng qo‘llaniladi?": "Statistika va ehtimollar nazariyasida",
        "Noravshan mantiqning asosiy afzalligi nima?": "Noaniq va qisman qiymatlar bilan ishlay oladi",
        "Bayes teoremasida yangi ma’lumotlarga nisbatan ehtimol qanday hisoblanadi?": "Qayta hisoblash orqali yangilanadi",
        "Bayes teoremasida asosiy ehtimol va shartli ehtimol o‘rtasidagi bog‘liqlik qanday ifodalanadi?": "Shartli ehtimol formulasi bilan",
        "Noravshan mantiq modeli qaysi sohada ko‘p qo‘llaniladi?": "Sun’iy intellekt va boshqaruv tizimlarida",
        "Bayes teoremasi asosida qaysi usul yangi ma’lumotlarga asoslangan qaror qabul qilishga yordam beradi?": "Shartli ehtimollarni yangilash orqali",
        "Ekspert tizimining asosiy tarkibiy qismi nima?": "Bilimlar bazasi",
        "Ekspert tizimlari qaysi sohaga tegishli?": "Sun’iy intellekt",
        "Ekspert tizimining muhim qismi bo‘lgan 'inference engine' nima uchun xizmat qiladi?": "Bilimlarni asosiy ma’lumotlar asosida tahlil qilish va xulosa chiqarish uchun",
        "Ekspert tizimlarining foydalanuvchiga ko‘rsatadigan asosiy foydasi nima?": "Mutaxassislik bilimlarini qo‘llab, qaror qabul qilishda yordam berish",
        "Ekspert tizimda qaror qabul qilish jarayonini qo‘llab-quvvatlash uchun nima ishlatiladi?": "Mantiqiy qoidalar va bilimlar bazasi",
        "Ekspert tizimi foydalanuvchiga qanday turdagi maslahatlarni beradi?": "Mutaxassislik bilimlariga asoslangan aniq maslahatlar",
        "Ekspert tizimlarining qaysi jihati foydalanuvchiga ko‘rsatmalar berish uchun ishlatiladi?": "Mantiqiy qoidalar",
        "Ekspert tizimining foydalanuvchi bilan o‘zaro aloqasini ta’minlovchi qismi qanday ataladi?": "Foydalanuvchi interfeysi",
        "Ekspert tizimlarida qaror qabul qilish qanday amalga oshiriladi?": "Bilimlar bazasi va mantiqiy qoidalar orqali",
        "Qaysi holatda ekspert tizimi ishlatilishi mumkin?": "Tibbiy tashhis qo‘yishda",
        "Ekspert tizimining 'sharhlovchi' moduli nima uchun xizmat qiladi?": "Foydalanuvchiga tizim xulosalarini tushuntirish uchun",
        "Ekspert tizimlari ko‘pincha qanday muammolarni hal qilish uchun ishlatiladi?": "Maxsus sohalardagi murakkab qarorlar qabul qilish",
        "Ekspert tizimlarining foydasi nimada?": "Tezroq qaror qabul qilishda yordam beradi",
        "Ekspert tizimining ishlash jarayonida qanday bilimlardan foydalaniladi?": "Maxsus sohadagi bilimlardan",
        "Ekspert tizimlarining dastlabki loyihasi qaysi sohada ishlab chiqilgan?": "Tibbiyot",
        "Mashinali o‘qitish nima?": "Kompyuterga ma’lum bir vazifani tajriba asosida o‘rganishga imkon beruvchi texnologiya",
        "Nazoratsiz o‘qitish uchun qaysi maqsad eng ko‘p qo‘llaniladi?": "Klasterizatsiya",
        "Qaysi mashinali o‘qitish turi mukofot va jazolar asosida ishlaydi?": "Reinforcement o‘qitish",
        "Regression modeli qaysi vazifa uchun qo‘llaniladi?": "Davomiy qiymatlarni bashorat qilish",
        "Mashinali o‘qitishda “Overfitting” nimani anglatadi?": "Modelning ma’lumotlarga haddan tashqari moslashishini",
        "Qaysi mashinali o‘qitish modeli tasniflash uchun mos keladi?": "K-Nearest Neighbors",
        "Nazoratli o‘qitish uchun qaysi vazifa odatiy hisoblanadi?": "Klasifikatsiya va regression",
        "Nazoratli o‘qitishda ma’lumotlar qanday tasniflanadi?": "Belgilangan ma’lumotlar",
        "Nazoratsiz o‘qitish algoritmlarida ma’lumotlar qanday bo‘ladi?": "Belgilanmagan",
        "Klasterizatsiya qaysi mashinali o‘qitish turiga kiradi?": "Nazoratsiz o‘qitish",
        "Mashinali o‘qitishda “Underfitting” nimani anglatadi?": "Modelning yetarli darajada murakkab bo‘lmasligini",
        "O‘rganish jarayonida yangi namunalarni sinash nima uchun zarur?": "Modelning moslashuvini tekshirish uchun",
        "Modelni baholash uchun ishlatiladigan \"MAE\" (Mean Absolute Error) nima?": "Modelning o‘rtacha xatoligi",
        "Mashinali o‘qitishda ishlatiladigan “train-test split” nima?": "Ma’lumotlar to‘plamini o‘rgatish va sinash uchun bo‘lish usuli",
        "Qaysi mashinali o‘qitish algoritmi eng ko‘p nazoratli o‘qitish uchun ishlatiladi?": "Decision Trees",
        "Qaysi mashinali o‘qitish algoritmi tasniflashda ishlatiladi?": "Naive Bayes",
        "Overfittingning oldini olish uchun qaysi texnika ishlatiladi?": "Umumiylashtirish",
        "O‘qituvchili o‘qitish algoritmi qanday aniqlanadi?": "Belgilangan ma’lumotlar yordamida modelni o‘rgatish usuli",
        "O‘qituvchili o‘qitishda model qanday turdagi ma’lumotlar ustida o‘rganadi?": "Belgilangan",
        "Support Vector Machine (SVM) algoritmining asosiy maqsadi nima?": "Ma’lumotlarni tekislik bo‘yicha ajratish",
        "Random Forest algoritmi nima?": "Bir nechta qaror daraxtlarining ansambli",
        "K-Nearest Neighbors (KNN) algoritmida “K” nimani anglatadi?": "Eng yaqin qo‘shnilar sonini",
        "Lineyn regression qanday vazifalar uchun ishlatiladi?": "Davomiy qiymatlarni bashorat qilish",
        "Naive Bayes algoritmi qaysi matematik modelga asoslangan?": "Bayes teoremasi",
        "Gradient Descent texnikasi nimani kamaytirish uchun ishlatiladi?": "Yo‘qotish funksiyasini",
        "Bagging texnikasi qaysi algoritm bilan ko‘p qo‘llaniladi?": "Decision Trees",
        "SVM algoritmi qanday qilib ma’lumotlarni ajratadi?": "O‘q orqali ajratish",
        "AdaBoost algoritmi qaysi maqsadda ishlatiladi?": "O‘rganish jarayonida yangi xatolarni minimallashtirish",
        "Random Forest algoritmida nechta daraxtlardan foydalanish modelni qanday ta’sir qiladi?": "Modelning ishonchliligini oshiradi",
        "Naive Bayes algoritmi qaysi vazifada ishlatilishi uchun ma’qul?": "Tasniflash",
        "Support Vector Machine qaysi ma’lumotlar bo‘linishini amalga oshiradi?": "Liniy separatsiya mumkin bo‘lgan ma’lumotlar",
        "O‘qituvchisiz o‘qitish algoritmlarining asosiy vazifasi nima?": "Ma’lumotlarni belgilarsiz tahlil qilish va tuzilmalarni aniqlash",
        "Klasterizatsiya qanday o‘qitish turiga kiradi?": "O‘qituvchisiz",
        "Qaysi algoritm ma’lumotlarni klasterlarga ajratishda qo‘llaniladi?": "K-means",
        "DBSCAN algoritmi qanday ma’lumotlarni klasterlashga asoslangan?": "Qalinligi va zichligiga asoslangan",
        "K-means algoritmida “K” nimani anglatadi?": "Klasterlar sonini",
        "Qaysi algoritm klasterlar markazini moslashuvchan ravishda yangilab boradi?": "K-means",
        "Qaysi o‘qituvchisiz o‘qitish algoritmi zichlikka asoslangan ma’lumotlarni klasterlaydi?": "DBSCAN",
        "Hierarchical clustering nima?": "Ierarxik struktura asosida ma’lumotlarni klasterlash",
        "O‘qituvchisiz o‘qitishda foydalaniladigan asosiy ma’lumot turlari qanday?": "Belgilarsiz ma’lumotlar",
        "Hierarchical clusteringning qaysi turi eng ko‘p ishlatiladi?": "Agglomerativ va diviziv",
        "K-means algoritmida har bir nuqta qanday klasterga qo‘shiladi?": "Eng yaqin klaster markaziga",
        "DBSCAN algoritmi qanday nuqtalarni “shovqin” deb belgilaydi?": "Yetarlicha qo‘shnilarga ega bo‘lmagan nuqtalar",
        "Sun’iy neyron tarmoqlar (SNT) qanday maqsad uchun qo‘llaniladi?": "Murakkab muammolarni hal qilish va ma’lumotlarni o‘rganish",
        "Sun’iy neyron tarmog‘idagi eng kichik element nima deb ataladi?": "Neyron",
        "Sun’iy neyron tarmog‘ida kirish va chiqishlar orasidagi hisob-kitoblar qanday elementlar orqali amalga oshiriladi?": "Neyronlar",
        "Qaysi qatlam SNTda barcha kirish ma’lumotlarini o‘z ichiga oladi?": "Kirish qatlami",
        "Yashirin qatlamlar qanday vazifani bajaradi?": "Ma’lumotlarni qayta ishlash va o‘rganish",
        "Qaysi aktivatsiya funksiyasi ikki sinfli muammolar uchun mos keladi?": "Sigmoid",
        "Sun’iy neyron tarmoqlarida ReLU aktivatsiya funksiyasi qanday vazifani bajaradi?": "Salbiy qiymatlarni 0 ga o‘zgartiradi, musbat qiymatlarni esa o‘zgarmas holda qoldiradi",
        "Backpropagation algoritmida qanday optimizatsiya usuli keng qo‘llaniladi?": "Adam",
        "Gradent descent algoritmi nima uchun qo‘llaniladi?": "Yo‘qotish funksiyasini minimallashtirish",
        "Convolutional Neural Network (CNN) asosan qaysi maqsadda qo‘llaniladi?": "Rasm va video qayta ishlash",
        "Yo‘qotish funksiyasi nima uchun ishlatiladi?": "Modelning xatolarini o‘lchash",
        "Qaysi qatlam CNN’da xususiyatlarni tanlash uchun ishlatiladi?": "Pooling layer",
        "Pooling qatlamining asosiy vazifasi nima?": "Xarakterli xususiyatlarni ajratib olish",
        "Perseptron modelidagi kirishlar qanday jarayondan o‘tadi?": "Vaznlarga ko‘paytirish",
        "Perseptron qanday ma’lumotlarni tasniflaydi?": "Faqat chiziqli ajraladigan ma’lumotlarni",
        "Eng sodda perseptronning chiqishi qanday shaklda bo‘ladi?": "Binary (0 yoki 1)",
        "Perseptron qanday o‘qitiladi?": "Gradient descent yordamida",
        "Perseptronning o‘rganish jarayonida qanday vaznlarni yangilaydi?": "Har bir kirish uchun barcha vaznlarni",
        "Eng sodda perseptronda qanday yo‘qotish funksiyasi ishlatiladi?": "Kvadrat yo‘qotish funksiyasi",
        "Perseptron qaysi algoritmga asoslangan?": "Qadam algoritmi",
        "Perseptron qanday muammolarni hal qila olmaydi?": "No-lineyer muammolarni",
        "Xato minimal bo‘lmaguncha perseptron qanday yangilanishni davom ettiradi?": "Vaznlarni yangilaydi",
        "Perseptron nima asosida o‘z vaznlarini yangilaydi?": "Yo‘qotish funksiyasi qiymati",
        "Perseptron qanday turdagi aktivatsiya funktsiyasiga ega?": "Binar",
        "Eng sodda perseptron qanday natija beradi?": "Diskret qiymatlar",
        "Perseptron qaysi yillar davomida ishlab chiqilgan?": "1960-yillar",
        "O‘qitish jarayonida perseptron qanday qilib sinf chegarasini aniqlaydi?": "Chiziqli tasniflash chegarasini yaratadi",
        "Eng sodda perseptron modelida nechta qatlam mavjud?": "Bitta qatlam",
        "Perseptron modelida qanday jarayon ma’lumotlarni tasniflash uchun ishlatiladi?": "Chiziqli bo‘luvchi tasniflash",
        "Chiziqli bo‘luvchi masalalarda perseptron qanday tasniflovchi rolini bajaradi?": "Chiziqli tasniflovchi",
        "Neyron tarmoqlarda og'irlik koeffitsientlari qanday rol o'ynaydi?": "Kirish signalining ta’sirini boshqaradi",
        "Neyron tarmoqdagi og'irlik koeffitsientlari qanday qiymatlarga ega bo'lishi mumkin?": "Ijobiy yoki salbiy real sonlar",
        "Og'irliklarni yangilash uchun qaysi algoritm ishlatiladi?": "Gradient descent",
        "Og'irliklarni hisoblash jarayonida qaysi o‘rganish koeffitsienti (learning rate) ahamiyatga ega?": "Har bir qadamdagi o‘zgarish miqdori",
        "Qaysi aktivatsiya funksiyasi og'irliklar bilan kirish signallarini bog'laydi?": "Logistik",
        "Og'irlik koeffitsientlarini yangilashda qanday gradient hisoblash usuli ishlatiladi?": "Backpropagation",
        "Og'irliklar qanday qilib neyron tarmoqning o‘rganish jarayonida yangilanadi?": "Xatoliklarni minimallashtirish yo‘lida optimallashtiriladi",
        "Og'irliklarning boshlang'ich qiymatlari qanday tanlanadi?": "Tasodifiy",
        "Og'irlik koeffitsientlarini yangilashda qaysi funksiya asosiy o‘rin tutadi?": "Yo‘qotish funksiyasi",
        "Qaysi faktor og'irliklarning tez yangilanishiga ta'sir ko‘rsatadi?": "O‘rganish koeffitsienti",
        "Og'irliklarni yangilash jarayonida qaysi yo'nalishda harakat qilinadi?": "Eng kichik xatolik yo‘nalishi",
        "Backpropagation algoritmi og'irliklarni qanday yangilaydi?": "Xatoliklarni avvalgi qatlamlarga tarqatib, og'irliklarni o'zgartiradi",
        "Og'irliklarni o‘rganish jarayonida qanday qilib ortiqcha moslashish (overfitting) oldini olish mumkin?": "Cheklash usulini qo‘llash (regularization)",
        "Og'irliklarning qaysi bosqichda yangilanishi boshlanadi?": "Har bir qadamda",
        "Gradient descent yordamida og'irliklarni yangilashda nima kamaytiriladi?": "Yo‘qotish funksiyasi qiymati",
        "Momentum parametri gradient descentda nima uchun qo‘llaniladi?": "O‘rganishni tezlashtirish",
        "Yo‘qotish funksiyasini minimallashtirish nimani anglatadi?": "Eng kichik xatolik bo‘lgan og‘irliklarni topish",
        "Og'irliklarni optimallashtirish algoritmi qaysi sharoitda to‘xtaydi?": "Yo‘qotish qiymati minimumga yetganda yoki belgilangan qadamlar bajarilganda",
        "O‘rganish koeffitsienti qaysi parametrni aniqlaydi?": "Og'irliklarning yangilanish tezligini",
        "Adam algoritmi gradient descentga qanday ta’sir ko‘rsatadi?": "Ko‘p o‘zgaruvchan vaznlarni optimallashtirishni samarali qiladi",
        "Chuqur o‘qitish qaysi sun’iy intellekt sohasiga tegishli?": "O‘rganishning yangi shakli",
        "Chuqur o‘qitish jarayonida qaysi model arxitekturasi eng ko‘p ishlatiladi?": "Neyron tarmoqlari",
        "Qaysi aktivatsiya funksiyasi chuqur o‘qitish uchun eng ko‘p ishlatiladi?": "ReLU (Rectified Linear Unit)",
        "Chuqur o‘qitishda parametrlarni optimallashtirish uchun qaysi algoritm eng mashhur?": "Adam optimizer",
        "Chuqur o‘qitish modellari qaysi darajadagi qatlamlardan iborat?": "Ko‘p qatlamli",
        "Qaysi usul chuqur o‘qitish jarayonida ortiqcha moslashuv (overfitting) oldini olish uchun qo‘llaniladi?": "Data augmentation",
        "Chuqur o‘qitish jarayonida yo‘qotish funksiyasi nima uchun kerak?": "Modelning xatolik darajasini baholash uchun",
        "Qaysi komponent chuqur o‘qitishda avvalgi qatlamlarning natijalarini qabul qiladi?": "Kirish qatlamlari",
        "Chuqur o‘qitishda qo‘llaniladigan konvolyutsion qatlam nima qiladi?": "Kirish ma’lumotlarining xususiyatlarini chiqaradi",
        "Neyron tarmog‘ida chiziqli qatlamlar va faoliyat qatlamlarining kombinatsiyasi qanday natijaga olib keladi?": "To‘g‘ri tasniflash",
        "Chuqur o‘qitish algoritmlari ko‘pincha qanday ma’lumotlardan foydalanadi?": "Tuzilgan",
        "Hujjatni tanish (document recognition) jarayonida qaysi algoritm ishlatiladi?": "Chuqur o‘qitish",
        "Neyron tarmoqlarida qatlamlar o‘rtasidagi ulanishlar qaysi qismdan iborat?": "Og'irliklar",
        "Konvolyutsion neyron tarmoqlari ko‘proq qaysi sohada qo‘llaniladi?": "Rasmlarni tahlil qilish",
        "Chuqur o‘qitish jarayonida qanday qilib ko‘proq ma’lumot olish mumkin?": "Data augmentation",
        "Chuqur o‘qitish jarayonida qatlamlar soni ko‘payganda nima yuz beradi?": "O‘rganish qiyinlashadi",
        "Yo‘qotish funktsiyasida xatolik qanday hisoblanadi?": "Kirish va chiqish o‘rtasidagi farq",
        "Chuqur o‘qitishda xatoliklarni kamaytirish uchun qanday qo‘llanma ishlatiladi?": "Optimallashtirish",
        "Neyron tarmoqda yangi qatlam qo‘shishning afzalliklari nimalardan iborat?": "O‘rganish imkoniyatlarini oshirish",
        "Chuqur o‘qitish modellarini o‘rganishda qaysi tizimlarni ishlatish mumkin?": "GPU va CPU",
        "CNN arxitekturasida konvolyutsion qatlamning asosiy vazifasi nima?": "Ma’lumotlarning xususiyatlarini chiqarish",
        "Qaysi qatlam CNN da maxsus xususiyatlarni tanib olishda ishlatiladi?": "Konvolyutsion qatlam",
        "CNN arxitekturasida qaysi aktivatsiya funksiyasi eng ko‘p ishlatiladi?": "ReLU (Rectified Linear Unit)",
        "Pooling qatlamining maqsadi nima?": "Xususiyatlarni kamaytirish",
        "CNNda konvolyutsion filtrlar qaysi maqsadga xizmat qiladi?": "Kirish ma’lumotlarining xususiyatlarini aniqlash",
        "CNN arxitekturasida qatlamlar o‘rtasida joylashgan maxsus operatsiya qanday ataladi?": "Konvolyutsiya",
        "Chiqish qatlamida qanday turdagi ma’lumotlar ishlab chiqiladi?": "Tasniflangan natijalar",
        "CNNda ma’lumotlarni olishda qaysi usul ko‘proq ishlatiladi?": "Konvolyutsiya va pooling",
        "Pooling qatlamlari qaysi muhim vazifani bajaradi?": "O‘lchovlarni kamaytirish",
        "Qaysi usul CNNda ortiqcha moslashuvni (overfitting) kamaytirishga yordam beradi?": "O‘qitish ma’lumotlarini kengaytirish",
        "Qaysi qatlam CNNda o‘rganilgan xususiyatlarni siqishni ta’minlaydi?": "Pooling qatlam",
        "CNNda konvolyutsion qatlamlar qanday yordam beradi?": "Ko‘p xususiyatlarni aniqlash",
        "Qaysi metod CNNni chuqur o‘rganish jarayonida ishlatiladi?": "Data augmentation",
        "Qaysi qatlam CNN arxitekturasida tasniflashdan so‘ng joylashadi?": "Chiqish qatlam",
        "CNNda bir nechta konvolyutsion qatlamlar mavjud bo‘lsa, bu qaysi jarayonni anglatadi?": "O‘rganish imkoniyatlari oshadi",
        "Ma’lumotlarni tahlil qilishda CNN qaysi turdagi ma’lumotlar bilan ko‘proq ishlaydi?": "Rasm ma’lumotlari",
        "CNNda og‘irliklarni qanday qilib o‘zgartirish mumkin?": "O‘qitish jarayonida",
        "Konvolyutsion qatlamlar ma’lumotlarga qanday ta’sir ko‘rsatadi?": "Ular ma’lumotlarning xususiyatlarini aniqlashda yordam beradi",
        "Qaysi qatlam CNNda o‘rganilgan xususiyatlarni chiqaradi?": "Chiqish qatlam",
        "Qaysi jarayon CNNda asosiy ma’lumotlar bilan ishlashda muhim ahamiyatga ega?": "Xususiyatlarni chiqarish",
        "RNN nima uchun mo‘ljallangan?": "Ketma-ket ma’lumotlar bilan ishlash",
        "RNN arxitekturasida \"recurrent\" so‘zi nimani anglatadi?": "Takroriy jarayonlar",
        "RNN da o‘rganish jarayonida qanday usul qo‘llaniladi?": "Orqa tarqatish (Backpropagation)",
        "RNNda qaysi qatlamlar asosiy vazifani bajaradi?": "LSTM va GRU qatlamlari",
        "LSTM (Long Short-Term Memory) qanday qo‘shimcha xususiyatga ega?": "Uzun muddatli xotira saqlash",
        "RNNlar qaysi turdagi ma’lumotlar bilan ishlashda qo‘llaniladi?": "Ketma-ket ma’lumotlar",
        "RNN da \"hidden state\" nima?": "Oldingi vaqt bosqichidagi ma’lumotlarni saqlovchi vektor",
        "RNNda har bir bosqichda ma’lumotlar qanday tarzda uzatiladi?": "Qayta tiklanadigan",
        "Qaysi RNN arxitekturasi uzun muddatli xotira muammolarini hal qilishda yordam beradi?": "LSTM",
        "RNNlar qaysi jarayonda yaxshi ishlaydi?": "Ovozni tanib olish",
        "RNNlar odatda qanday qilib o‘qitiladi?": "Orqa tarqatish yordamida",
        "RNNda vaqt bosqichlari qanday belgilangan?": "Ketma-ketliklarga muvofiq",
        "Qaysi metod RNNni o‘qitishda ortiqcha moslashuv (overfitting) oldini olishga yordam beradi?": "Dropout",
        "RNNda ma’lumotlar qanday tarzda saqlanadi?": "Har bir vaqt bosqichida",
        "RNNda \"gradient vanishing\" muammosi qanday paydo bo‘ladi?": "Uzoq vaqtli bog‘lanishlarda",
        "Qaysi RNN turida kirish ma’lumotlari to‘g‘ridan-to‘g‘ri chiqishga ta’sir ko‘rsatadi?": "Bi-directional RNN",
        "RNNda qanday operatsiya har bir vaqt bosqichida amalga oshiriladi?": "O‘zgartirish",
        "Qaysi yondashuv RNNni o‘rganish jarayonida ishlatilmaydi?": "Klasterning oqimi",
        "Qaysi element RNNda kirish va chiqish o‘rtasida bog‘lanishni ta’minlaydi?": "Hidden state",
        "Qaysi yondashuv RNNdan foydalanishda o‘ziga xosdir?": "Vaqt ketma-ketligi",
        "NLP nimani anglatadi?": "Natural Language Processing",
        "NLPda qanday asosiy vazifa amalga oshiriladi?": "Tabiiy tillarni tushunish va tahlil qilish",
        "Qaysi NLP vazifasi matnni tasniflashni o‘z ichiga oladi?": "Sentiment tahlili",
        "Qaysi jarayon matndagi kalit so‘zlarni aniqlashni ta’minlaydi?": "Tokenization",
        "Lemmatization va stemming o‘rtasidagi farq nima?": "Lemmatization yanada aniqroq",
        "Qaysi NLP modeli so‘zlarni vektor shaklida ifodalaydi?": "Word2Vec",
        "NLPda \"token\" nima?": "Matnning kichik birligi",
        "Qaysi jarayon matndagi grammatik qoidalarni aniqlashga yordam beradi?": "Parser",
        "NLPda \"sentiment analysis\" nima?": "Fikr yoki hissiyotlarni aniqlash",
        "NLPda \"Named Entity Recognition\" (NER) nima?": "Matndagi nomlangan ob’ektlarni aniqlash",
        "Qaysi NLP algoritmi tilni tushunish uchun keng qo‘llaniladi?": "Recurrent Neural Network (RNN)",
        "TF-IDF nima?": "Kalit so‘zlarning muhimligini baholash",
        "\"Word Embeddings\" jarayoni qaysi vazifani bajaradi?": "So‘zlar o‘rtasidagi semantik aloqalarni aniqlash",
        "Qaysi NLP modelida transformator arxitekturasi ishlatiladi?": "BERT",
        "\"Stop words\" nima?": "Semantik jihatdan muhim bo‘lmagan so‘zlar",
        "Qaysi NLP usuli matnni avtomatik tarjima qilishda qo‘llaniladi?": "Neural Machine Translation",
        "NLPda \"contextual understanding\" nimani anglatadi?": "Matn kontekstini aniqlash",
        "Qaysi algoritm NLPda juda ko‘p qo‘llaniladi?": "Support Vector Machine (SVM)",
        "Qaysi jarayon matnni qisqartirishga yordam beradi?": "Summarization",
        "Qaysi NLP vazifasi matnni o‘zaro bog‘lashni o‘z ichiga oladi?": "Topic Modeling",
        "Morfologik tahlil nimani anglatadi?": "So‘zlarning tuzilishi va shakllarini o‘rganish",
        "Sintaktik tahlil nima?": "Matnning grammatik tuzilishini o‘rganish",
        "Semantik tahlil nima? ": "Matnning kontekstdagi ma'nosini o‘rganish",
        "Semantik tahlil uchun qaysi modellar keng qo‘llaniladi?": "LSTM va RNN",
        "Morfologik tahlil qanday metodlardan foydalanadi?": "Ildiz va morfemalarning ko‘rinishini tahlil qilish",
        "Semantik tahlil natijasida qaysi ma’lumotlar olinadi?": "Matnning ma’nosi",
        "Morfologik tahlilda qaysi jarayonlar asosiy o‘rinda turadi?": "Ildizni aniqlash",
        "Sintaktik tahlil natijasida qanday xulosalar olinishi mumkin?": "Gapda qanday so‘zlar mavjud",
        "Semantik tahlilda qaysi jarayon muhim?": "So‘zlarning kontekstdagi ma’nosi",
        "Google Teachable Machine nima?": "Google tomonidan mashinani o'rganish tajribasi",
        "Teachable Machine asosan mashinani o'rganishning qaysi turiga e'tibor beradi?": "nazorat ostida o‘qitish",
        "Teachable Machine yordamida qanday turdagi modellarni yaratish mumkin?": "Tasvir, tovush va poza modellari",
        "Qanday qilib Teachable Machine foydalanuvchilarga o'qitilgan modellarini eksport qilishga imkon beradi?": "Yuklab olinadigan fayl sifatida",
        "Teacheble machine da yaratilgan loyihalarni qaysi tizimlar q`ollab quvvatlaydi?": "Veb-brauzerlar, Android va iOS",
        "array([0, 1, 2, 3]) massivi ustida cumsum metodini bajsak, eng oxirgi element qanday qiiymatga ega bo'lib qoladi?": "6",
        "array([2, 2, 2, 3, 3, 3, 4, 4, 4, 5, 5, 5, 6, 6, 6, 7]) ko'rinishdagi massiv ustida unique funksiyasiga argument sifatida uzatadigan bo'lsak, natija qanday bo'ladi?": "array([2, 3, 4, 5, 6, 7])",
        "arr1 va arr2 massivlarini faylda saqlash uchun to’g’ri kodni ko’rsating.": "np.savez(\"data.npz\",x=arr1,y=arr2)",
        "arr1 massivini .npy fayl kengaytmada saqlash kodini ko’rsating": "np.save(\"data.npy\",arr1)",
        "massivdagi takrorlanmas elementlarni qaytaruvchi (takrorlansa ham faqat bittasini qabul qiluvchi) funksiyani ko’rsating": "np.unique()",
        "ikki ulchamli (3x4) arr massivini elimentlarini garizantal yunalishda elimentlarini tartiblang": "np.sort(arr,axis=1)",
        "ikki ulchamli (3x4) arr massivini elimentlarini vertikal yunalishda elimentlarini tartiblang": "np.sort(arr,axis=0)",
        "Yig'indilab boradigan yig'indi metodini ko’rsating": "cumsum()",
        "Numpay funksiyasi yordamida 3 ulchamli (4x3) elementlari max qiymati 100 gacha bo’lgan taxminiy qiymatlardan tashkil topgan massiv yaratish kodini ko’rsating": "np.random.randint(100,size=(3,4,3))",
        "arange funksiyasi yordamida 100 dan 200 gacha sonlar orasidan juft sonlardan massiv yaratish kodini ko’rsating": "np.arange(100,200,2)",
        "Python-da Matplotlib-ning asosiy maqsadi nima?": "Ma’lumotlarni vizuallashtirish",
        "Matplotlib ichidagi qaysi modul chizmachilik uchun asosiy sinflarni taqdim etadi?": "matplotlib.pyplot",
        "Matplotlib figurasini faylga saqlash uchun qaysi funksiyadan foydalaniladi?": "savefig()",
        "Oddiy chiziqli regressiyaning ma`nosi?": "Oddiy chiziqli regressiya faqat bitta mustaqil o'zgaruvchidan foydalangan holda bog'liq o'zgaruvchini bashorat qilishni o'z ichiga oladi",
        "Regressiya tahlili nima?": "Regressiya tahlili bir bog'liq o'zgaruvchi va bir yoki bir nechta mustaqil o'zgaruvchilar o'rtasidagi munosabatni tekshirish uchun qo'llaniladigan statistik usuldir.",
        "Ish haqi ustuni 50000 dan katta bo'lgan DataFrame df-dagi qatorlarni qanday filtrlaysiz?": "df[df['Salary'] > 50000]",
        "Python-da pandalar kutubxonasini qanday import qilasiz?": "import pandas as pd",
        "head()Funksiya pandas kutubxonasida vazifasi qanday?": "DataFrame ning dastlabki 5 qatorini beradi",
        "DataFrame df da yetishmayotgan qiymatlarni qanday tekshirasiz?": "df.isnull()",
        "groupby()Funksiya pandas kutubxonasida vazifasi qanday?": "DataFrame-ni belgilangan ustun yoki ustunlar bo‘yicha guruhlaydi",
        "DataFrame df dan 'Shahar' nomli ustunni qanday o'chirish mumkin?": "df.drop('City', axis=1)",
        "merge()Funksiyasining pandas kutubxonasida vazifasi qanday?": "Umumiy ustun asosida ikkita DataFrameni birlashtiradi",
        "Qanday qilib 'df' dagi ma`lumotlar o`zgartirilgan xolatini 'data'a ga saqlash mumkin?": "df.to_csv('data.csv')"
    }
}