{
    "translations": {
        "1.Vijdon erkinligi nima?": "#fuqarolarning dinga e’tiqod qilish yoki e’tiqod qilmaslikni o‘zlari mustaqil hal qilish huquqi",
        "2.Dinning qanday ildizlari bor?": "#gnoseologik, sotsial, psixologik",
        "3.Dinning unsurlarini sanab bering.": "#diniy ong, diniy xis-tuyg‘u (psixologiya), diniy ibodat, diniy tashkilotlar",
        "4.Dinning funksiyalari": "#to‘ldiruvchilik, birlashtiruvchilik, o‘zaro aloqadorlik, tartibga soluvchilik",
        "5.Qaysi bir din eng qadimgi?": "#yaxudiylik",
        "6.Musulmonlar hijriy yil hisobi qachondan boshlanadi?": "#dastlabki musulmonlarning Yasrib (Madina)ga ko‘chib borishidan",
        "7.Jahon dinlari qaysi dinlar?": "#buddizm, xristianlik, islom",
        "8.Yaponiyaning milliy dini qaysi din?": "#sintoizm",
        "9.Fetishizm nimani ilohiylashtiradi?": "#moddiy narsalarni",
        "10.“Yahudiy” so‘zining kelib chiqishi borasida Abu Rayhon Beruniy o‘z asarida qanday izoh keltirib o‘tadi?": "#“tavba qilmoq, tavba qilganlar”",
        "11.Xristianlikning asosiy oqimlari qaysi oqimlar?": "#katolik, pravoslav, protestantizm",
        "12.Islom dinining asosiy yo‘nalishlari qaysilar?": "#sunniylar va shialar",
        "13.Yahudiy xalqiga nisbatan qo‘llaniladigan “Banu isroil” so‘zining ma’nosi nima?": "#“Isroil avlodlari”",
        "14.Yahudiylik ta’limoti to‘rt asosga tayanadi bular qaysi javobda keltirilgan?": "#1. Olamlarni yaratuvchi yagona xudo Yahvega imon keltirish 2. Yahudiylar yer yuzidagi xalqlarning “eng mumtozi” va u dunyoda berilajak in’omlarning eng haqlisi ekanligi 3. Messiya haloskorning kelishi haqida 4. Oxirat kuniga ishonish",
        "15.Yahudiylarning muqaddas diniy manbalaridan hisoblangan Talmuda yahudiylik marosimlari tizimi ishlab chiqilgan. Unda yahudiylar amal qilishi va bajarishi lozim bo‘lgan qancha buyruq va qancha ta’qiq mavjud?": "#248 ta buyruq 365 ta ta’qiq",
        "16.Shariat nima?": "#barcha musulmonlar uchun bajarilishi majbur bo‘lgan qonunlar, huquqiy-ahloqiy ko‘rsatmalar tizimi",
        "17.Hozirgi islomda qanday sektalar mavjud?": "#Sektalar mavjud emas",
        "18.Islom sobiq SSRning qaysi mintaqalarida keng tarqalgan?": "#O‘rta Osiyo, Qozog‘iston, Tatariston, Bashqirdiston, Shimoliy Kavkaz, Dog‘iston va ayrim Kavkaz orti respublikalarida",
        "19.Qadimgi yahudiylarning ibroniy tilida yuborilgan muqaddas kitobi “Tora” hisoblanadi. “Tora” so‘zining ma’nosi qaysi variantda to‘g‘ri ko‘rsatilgan?": "#“qonun, shariat”",
        "20.Diniy tashkilotlarning qonunchilikka rioya qilishni kim nazorat qiladi?": "#O‘zbekiston Vazirlar Mahkamasi",
        "21.Yapon xalqining milliy e’tiqodi hisoblangan Shinto dini nechanchi asrlarda to‘liq shakllangan?": "#VII-VIII asrlarda",
        "22.Yapon xalqi an’analarining eng qadimgi yozma manbasi qaysi?": "#“Kodziki”",
        "23.Hadislar nima?": "#Muhammad payg‘ambarning hayoti, faoliyati, diniy va ahloqiy ko‘rsatmalarini mujassamlashtirgan ta’limot",
        "24.Turkistonlik buyuk muhaddislar kimlar?": "#Imom at-Termiziy, Ismoil al-Buxoriy, Abu Iso as-Samarqandiy, imom Muslim",
        "25.Inson kamolati nimalarga bog‘liq?": "#Umuminsoniy qadriyatlarga rioya qilib, ilm olish, halol, oqilona mehnat qilishga",
        "26.Islomdagi asosiy amaliy va marosimiy talablar qaysilar?": "#Ro‘za tutish, namoz o‘qish, zakot berish, iloji bo‘lsa hajga borish",
        "27.Sintoiylik panteonining eng oliy kamisi Quyosh (Buyuk samo chirog‘i)ning nomi qaysi javobda ko‘rsatilgan?": "#“Amaterasu”",
        "28.Totemizm nima?": "#Ibtidoiy jamoada turli hayvonlarni urug‘ga asos solgan deb hisoblab, ilohiylashtirish va sig‘inish",
        "29.O‘zbekiston xalqaro Islom akademiyasi qaysi oliy ta’lim muassasalari negizida tashkil etildi?": "#O‘zbekiston Islom akademiyasi va Toshkent Islom universiteti negizida",
        "30.O‘zbekiston musulmonlari idorasi huzurida “Vaqf” xayriya jamoat fondining asosiy maqsadi nimalardan iborat?": "#Masjidlar, ziyoratgohlar, muqaddas qadamjolar va shu kabi boshqa obyektlarning rekonstruksiyasini moliyalashtirish, ularni moddiy-texnik bazasini yaxshilash hamda ushbu soha xodimlarini moddiy qo‘llab-quvvatlashdan iborat",
        "31.Islom dinining nazariy va g‘oyaviy manbalari nima?": "#Qur’oni karim, hadisi sharif va fatvolar",
        "32.Qur’oni karim sura va oyatlariga o‘zgartirish kiritish mumkinmi?": "#Yo‘q, chunki Qur’on - ilohiy hisoblanadi va uni o‘zgartirish man etiladi",
        "33.Dinlarning bir-biridan farqi nimada?": "#Diniy urf-odat va marosimlar amalga oshirilishida",
        "34.Qur’onda hammasi bo‘lib nechta sura bor?": "#114",
        "35.Xristianlikning qaysi oqimi Yevropa va Lotin Amerikasida eng ko‘p tarqalgan?": "#Katolitsizm",
        "36.Musulmonlarning tushunchasi bo‘yicha Muhammad ibn Abdulloh kim?": "#Xudo tomonidan yuborilgan elchi, vakil, eng oxirgi payg‘ambar",
        "37.Islom dini O‘rta Osiyoga qachon tarqala boshlagan?": "#VII asr oxiri - VIII asr boshlarida",
        "38.Musulmon diniy boshqarmalari rahbarlari qanday nom bilan ataladi?": "#Muftiy",
        "39.Musulmonlarning kundalik nomoz o‘qish tartibi qanday?": "#Kuniga 5 mahal",
        "40.Nechanchi yildan boshlab O‘zbekiston fuqarolari uchun “Umra” ziyoratlari kvotasi bekor qilindi?": "#2019-yildan boshlab",
        "41.Fatvo nima?": "#Oliy darajadagi ulamolar yig‘ini qabul qilgan Qur’on, hadis va shariatga oid qonun-qoidalar",
        "42.Islom va xristianlik nuqtai nazarida har bir inson taqdirini (hayot yo‘lini) kim belgilaydi?": "#Faqat yakka Xudo",
        "43.Politeizm nima ma’noni anglatadi.": "#Ko‘pxudolik",
        "44.Katolik oqimining bosh ruhoniysi?": "#Papa",
        "45.Islomga qadar Markaziy Osiyoda hukm surgan din?": "#Zardushtiylik",
        "46.Xristian cherkovlarida oliy ierarx qanday ataladi?": "#Yepiskop",
        "47.Cherkov, ikonalarga qarshi chiqqan oqim nomi?": "#Protestant",
        "48.Yaxudiylikda hukmronlik o‘rnatish maqsadida vujudga kelgan diniy siyosiy oqim?": "#Massonizm",
        "49.Fiqh qanday fan?": "#Shariat qonun-qoidalarini o‘rganuvchi fan",
        "50.Fath nima?": "#Biror shahar yoki mamlakatga islomni olib kirish",
        "51.Din fenomenologiyasi deganda nimani tushunasiz?": "#Dinning ko‘zga ko‘rinuvchi, tashqarida aks etuvchi jihatlarini o‘rganuvchi ilm sohasi",
        "52.Din sotsiologiyasi nimalarni o‘rgatadi?": "#Tarix bo‘yicha xususiy va mushohadaga suyanuvchi din va jamiyat tadqiqotlarini; dinning ijtimoiy hayotdagi ko‘rinishlarini o‘rganadi.",
        "53.Din psixologiyasining asosiy mavzusi nimadan iborat?": "#Kishining diniy his, tushuncha va yashash tarzi",
        "54.Din falsafasining vazifasi nimalardan iborat?": "#Yaratuvchi kuch e’tiqodiga falsafiy bir asos topish, diniy hukmlarning mantig‘i va mohiyatini ochib berish, dinning mohiyati, insonning diniy haqiqatlar bilan bo‘lgan bog‘liqligini o‘rganishdan iborat",
        "55.Din so‘zining ma’nosi-": "#(«dâna») fe’lidan yasalgan bo‘lib, «kimgadir bo‘ysunmoq, bo‘yin egmoq, itoat etmoq, kimdandir qarzdor bo‘lmoq, e’tiqod qilmoq, qilgan ishiga yarasha mukofotlamoq» kabi ma’nolarni bildiradi",
        "56.Dinning “kompensatorlik funksiyasi” qanday vazifani bajaradi?": "#Tasalli beruvchilik vazifasini",
        "57.Jon, ruhlarning borligiga, ularning abadiyligiga ishonish nima deb ataladi?": "#Animizm",
        "58.Ibtidoiy din shakllaridan qaysi birida odamlar odamga sig‘inganlar?": "#Shamanizmda",
        "59.Totemizm nima?": "#Ibtidoiy jamoada turli hayvonlarni urug‘ga asos solgan deb hisoblab, ilohiylashtirish va sig‘inish",
        "60.Хinduiylik va kоnfutsiychilik ta’limоtiga ko’ra qaysi din shakliga to‘g‘ri keladi?": "#Pоlitеistik",
        "61.Buddaviylik dini qachоn paydо bo’ldi?": "#Eramizdan oldingi VI-V asrda",
        "62.Buddaviylikning asоsiy aqidasi nimadan iborat?": "#Azоb-Uqubat",
        "63.Mil. av. I asr va milodning IV asrlari oralig‘ida Kushon imperiyasida Buddaviylikning qaysi yo‘nalishi davlat dini deb e’lon qilindi?": "#Maxayana",
        "64.Buddaviylikning asоsiy yo‘nalishlari qaysilar?": "#Хinayana, maхayana, lamaizm",
        "65.Buddaviylik ta’limoti necha qismdan iborat?": "#3 qismdan iborat",
        "66.Kibermakon deganda nimani tushunasiz?": "#dunyo kompyuter tarmoqlarining «virtual» umumiy majmui",
        "67.Kibermakon atamasi 1984 yilda kim tomonidan qo‘llanilgan?": "#Uilyam Gibson",
        "68.Qanday vositalar kibermakondan erkin foydalanish imkonini yaratish bilan bir vaqtda, mazkur makondagi xavf-xatarlarning ko‘z ilg‘amas darajada yuqoriligini anglatadi?": "#internetga chiqish imkoniyati mavjud mobil telefonlar; onlayn pulli o‘yinlar; tarmoqdan tashqarida foydalanish imkonini beruvchi dasturiy ta’minotlar",
        "69.O‘zbekistonda eng ko‘p yuklab olinayotgan dastur ichida qaysilari yetakchi o‘rinni egallaydi?": "#«WhatsApp», «Telegram» tarmoqlari",
        "70.Yoshlarning barchasi internet tarmog‘idan faqat ilm yo‘lida foydalanmoqdami?": "#Afsuski, internetdan noto‘g‘ri, buzg‘unchilik va behayolikka doir ma’lumotlarni olishda ham foydalanmoqda",
        "71.Missionerlik so‘zi qanday ma’noni anglatadi?": "#lotin tilidagi «missio» fe’lidan olingan bo‘lib, belgilangan vazifalarni hal qilishga qaratilgan nazariy va amaliy faoliyat majmui ma’nolarini bildiradi",
        "72.“Prozelitizm” tushunchasi deganda nimani tushunasiz?": "#Yangi mazhabni qabul qilgan kishi, ya’ni boshqa mazhabdagilarni, avvalo, musulmonlarni xristianlikka kiritish degan ma’noni bildiradi",
        "73.“Kiberxavfsizlik toʻrisida”gi Qonun qachon qabul qilingan?": "#2022-yil 15 aprel",
        "74.Hozirgi kunda missionerlik harakati asosan qanday niqob ostida faoliyat yuritmoqda?": "#nashriyotlar, xayriya, tibbiy yordam ko‘rsatish niqobi ostida",
        "75.Diniy ekstremizm nima?": "#Jamiyat uchun an’anaviy bo‘lgan diniy qadriyatlar va aqidalarni rad etish, ularga zid g‘oyalarni aldov va zo‘rlik bilan targ‘ib qilishga asoslangan nazariya va amaliyotni anglatadi.",
        "76.Diniy fundamentalizm nima?": "#«Ma’lum din vujudga kelgan ilk davriga qaytish va bu yo‘l bilan zamonaning barcha muammolarini hal qilish mumkin», degan fikrni ilgari surish ta’limotini anglatadi",
        "77.«Musulmon birodarlar» jamoasi qachon tashkil etilgan?": "#1928 yil mart oyida",
        "78.Hizbut-tahrir al-islomiy (Islom ozodlik partiyasi)ning asoschisi kim?": "#Falastinlik Taqiyiddin Nabahoniy",
        "79.«Akromiylar» harakat siyosiy hokimiyatga erishishning nechta bosqichiga asoslanadi?": "#5 ta",
        "80.“Yahudiy va salbchilarga qarshi xalqaro islom fronti” uyushmasi qachon tuzildi?": "#1998 yilga",
        "81.“Yahudiy va salbchilarga qarshi xalqaro islom fronti” uyushmasiga kim boshchilik qilgan?": "#Usoma bin Lodin",
        "82.2001 yilning 11 sentabrida Amerika Qo‘shma Shtatlarida qanday voqea yuz berdi?": "#To‘rtta “Boing–757” samolyoti “al-Qoida” guruhi tomonidan egallab olinib, ularning ikkitasi Nyu-Yorkdagi xalqaro savdo Markazi joylashgan “egizak” binolarga, bittasi esa AQSh qurolli kuchlari shtabi – Pentagonga yo‘naltirildi",
        "83.Diniy ekstremizm va terrorizmga qarshi kurash olib borishda qanday chora-tadbirlarni qo‘llash muhim ahamiyatga ega?": "#kompleks va tizimli, shu jumladan, ijtimoiy-iqtisodiy va mafkuraviy chora-tadbirlar",
        "84.Dunyo bo‘yicha qancha terrorchilik tashkilotlari faoliyat ko‘rsatmoqda?": "#500 ga yaqin",
        "85.Davlatimizning vijdon erkinligiga munosabati – O‘zbekiston Respublikasi Konstitutsiyasining nechanchi moddasida mustahkamlab qo‘yilgan?": "#35-moddasida",
        "86.Hanafiya mazhabi sunniylik yo'nalishiga mansub bo'lgan musulmonlarning necha foizini o'z ichiga oladi?": "#47%",
        "87.O‘zbekiston Respublikasi Konstitutsiyasida aniq belgilab qo‘yilgan davlat va jamiyat qurilishining bosh maqsadlardan biri-": "#Yuksak ma’naviyat va hurfikrlilikka asoslangan, vijdon erkinligi amalda barqaror bo‘lgan jamiyatni barpo etish",
        "88.Davlat bilan din (diniy tashkilotlar) o‘rtasidagi munosabatlar qanday usullarda tartibga solinadi?": "#Identifikatsion, Separatsion, kooperetsion",
        "89.Davlat-diniy tashkilot modeliga qaysi davlatni misol keltirishimiz mumkin?": "#Daniya, Buyuk Britaniya, Gresiya, Shvesiya, Finlyandiya",
        "90.O‘zbekistonda tarkib topgan davlat va din o‘rtasidagi munosabat o‘z mohiyati, mazmuni va huquqiy asoslariga ko‘ra qanday modelga asoslanadi?": "#Separatsion model",
        "91.Bugungi kunda O‘zbekistonda Adliya organlaridan rasman ro‘yxatdan o‘tgan nechta diniy konfessiya faoliyat olib bormoqda?": "#16 ta",
        "92.Qonunchilikda diniy tashkilotlarning qanday turlari e’tirof etiladi?": "#diniy jamiyatlar, diniy o‘quv yurtlari, masjidlar, cherkovlar, sinagogalar, monastirlar va boshqa tashkilotlar",
        "93.«Konfessiya» so‘zi qanday ma’noni anglatadi?": "#o‘zbek tiliga aynan tarjima qilinganda «e’tiqod qilish», degan ma’noni anglatadi",
        "94.Diniy konfessiya deganda nimani tushunasiz?": "#muayyan diniy ta’limot doirasida shakllangan va o‘ziga xos xususiyatlarga ega e’tiqod va ushbu e’tiqodga ergashuvchilar jamoasi tushuniladi",
        "95.«Sekta»so‘zi qanday ma’noni anglatadi?": "#Muayyan diniy, siyosiy yoki falsafiy qarashlarga ergashuvchilar guruhini anglatadi",
        "96.Xristianlik dini qachоn paydо bo’ldi?": "#Eramizning I asrida",
        "97.Sharq dinlaridan qaysi biri xristianlik diniga eng ko‘p ta’sir ko‘rsatdi?": "#Yahudiylik",
        "98.Katoliklarning markazi Vatikan qachondan boshlab davlat maqomiga ega bo’ldi?": "#1929 yildan",
        "99.Bibliya so‘zi qanday ma’nolarni anglatadi?": "#grek tilida biblia – “kitob”, “o‘ram”",
        "100.Martin Lyuter boshchiligidagi reformatsiyalar tufayli Xristianlik dinida qaysi yo’nalish vujudga keldi?": "#Protestantizm",
        "101.Xristianlikning muqaddas kitobi qaysi?": "#Bibliya",
        "102.Rim papasi xristianlikning qaysi oqimining boshlig‘i sanaladi?": "#Katolik",
        "103.Arabiston yarim orolining islom dinidan avvalgi davrini nima deb ataganlar?": "#Johiliya",
        "104.Hadislar bilan shug‘ullanadigan olim kim?": "#Muhaddis",
        "105.Qur’on suralarini tashkil etuvchi qism “jumlalar” qanday nomlanadi?": "#Oyat",
        "106.VII-asrda paydo bulgan musulmon davlati nima deb ataladi?": "#Arab xalifaligi",
        "107.Talmud qaysi dinning muqaddas kitoblaridan biridir?": "#Yahudiylik",
        "108.Buddaviylik dinining asoschisi kim?": "#Siddxartha Gautama",
        "109.O‘zbekistonda qancha diniy tashkilotlar faoliyat yuritadi?": "#2 mingdan ziyod",
        "110.“Tili, dini, e’tiqоdidаn qаt’iy nаzаr insоnning erkin bo‘lib yashashigа qаrshi, uning ruhiy dunyosini izdаn chiqаrishgа qаrаtilgаn mаfkurаviy, g‘оyaviy, infоrmаtsiоn hurujlаr”ni qanday tа’riflаsh mumkin?": "#Mа’nаviy tаjоvuzkоrlik",
        "111.«Vijdon erkinligi va diniy tashkilotlar to‘g‘risida»gi Qonunning qaysi moddasi diniy materiallarni yozish, tarqatish masalalariga bag‘ishlangan?": "#10-modda",
        "112.Fuqarolarning dinga e’tiqod qilish yoki e’tiqod qilmaslikni mustaqil hal qilishlari qanday ataladi?": "#Vijdon erkinligi",
        "113.“Monoteizm” tushunchasining ma’nosi nima?": "#Yakkaxudolik",
        "114.O‘rta Osiyodagi qaysi davlatda budda dini asosiy (hukmron) din edi?": "#Kushon",
        "115.Jahonda e’tiqod qiluvchilar soni jihatdan eng katta milliy din…": "#Hinduiylik",
        "116.Tasaffuv ilmining yirik namoyondasi bo‘lgan Xo‘ja Ahmad Yassaviy yili deb qachon e’lon qilindi?": "#1993 yil",
        "117.O’zbekiston Respublikasi birinchi Prezidenti farmoni bilan Toshkent islom universiteti qaysi yilda ochildi?": "#1999 yil",
        "118.“Mehrjon” va “Navro‘z” bayramlari qaysi dinga tegishli?": "#Zardushtiylik",
        "119.Diniy tashkilotlar xayriya va mehr-muruvvat faoliyatini amalga oshirishga…": "#Haqli",
        "120.Diniy bag‘rikenglik bu…": "#Barcha dinlarga hurmat bilan munosabatda bo‘lish",
        "121.Fetishizm nimani ilohiylashtiradi?": "#Moddiy narsalarni",
        "122.Shimoliy Amerika «Ojibva» qabilasi tilidan tarjima qilinganda «totem» bu -": "#Uning urug‘i",
        "123.Yapon tilida «Sinto» so‘zining ma’nosi nima?": "#Xudolar yo‘li",
        "124.Mа’nаviy qаdriyat bo’lmish diniy vа dunyoviy iymоn – e’tiqоdning bir biridаn fаrqi?": "#Diniy iymоn isbоtsiz ishonchgа, dunyoviy iymоn dаlillаshgа, tаjribа vа isbоtgа аsоslаnаdi",
        "125.«Avesto» so‘zining ma’nosi nima?": "#Qat’iy qilingan",
        "126.«Avesto»ning vatanini ko‘rsating.": "#Xorazm",
        "127.Buddaviylikning «To‘rt haqiqati»ning birinchisini ko‘rsating.": "#Hayot-azob-uqubatlardan iborat",
        "128.Siddxarta Gautama (Budda) necha yil Gang bo‘yida yangi dinga da’vat etib yurdi?": "#40",
        "129.Iso Masih Xristianlar uchun kim?": "#Xudo-o‘g‘il",
        "130.«Qur’on» so‘zi arab tilidan qanday tarjima qilinadi?": "#O‘qimoq",
        "131.Qiyos so‘zining lug‘aviy ma’nosini toping": "#Taqqoslash",
        "132.Mujtahid so‘zining lug‘aviy ma’nosini toping.": "#Intiluvchi",
        "133.Al-Jome’ as-sahih asarining muallifini toping.": "#Imom Buxoriy",
        "134.Sura va oyatlar nozil bo‘lish vaqti va joyiga ko‘ra nechaga bo‘linadi?": "#2 ga",
        "135.Qur’onni Madinada nozil bo‘lgan umumiy vaqtini toping": "#10 yil",
        "136.Qur’on Muhammad alayhissalomga Xiro g‘orida nozil bo‘lgan.": "",
        "137.Qur’oni Karimda nechta payg‘ambarning nomi tilga olingan?": "#25",
        "138.Dinshunoslik qaysi fanlar bilan yaqinroq bog'liq?": "#Tarix va jamiyatshunoslik",
        "139.Dinning jamiyatda bajaradigan ijtimoiy, ma’naviy, ruhiy funksiyalari qaysi javobda to‘g‘ri ko‘rsatilgan?": "#Regulyatorlik, kompensatorlik, integratorlik, kommunikativ",
        "140.Buddaviylik dinining muqaddas manbai “Tripitaka” so‘zining ma’nosi nima?": "#Uch savat donolik",
        "141.Xristianlik dini qachon katolik va provaslavlikka bo‘lindi?": "#1054 yil",
        "142.Katolik cherkovi markazi qaerda joylashgan va din markazi qanday ataladi?": "#Vatikanda ehrom",
        "143.Kishilik jamiyati tarixida dinning ilk shakllariga qaysi dinlar kiradi?": "#Totemizm, animizm, fetishizm, shomonizm",
        "144.Zardushtiylikning muqaddas kitobi “Avesto” qaysi tilda yozilgan?": "#Qadimiy eroniy-paxlaviy",
        "145.“Hidoya” asari musulmon mamlakatlarida qanday manba hisoblanadi?": "#Huquqiy",
        "146.Rim Papasi kim tomonidan va qancha ovoz olish yo‘li bilan saylanadi?": "#Kardinallar tomonidan umumiy ovozning 3/2 qismi plyus bir ovoz",
        "147.Konfutsiylik ta’limoti qaysi davlatga taalluqli?": "#Xitoy",
        "148.Qur’oni karim o‘zbek tiliga qachon va kim tomonidan tarjima qilingan?": "#1991-1992- yillarda Alouddin Mansur tomonidan",
        "149.«Hayot azob-uqubatdan iborat, qutulish yo`li mavjud» goyasi qaysi dinga tegishli?": "#Buddizmga",
        "150.«Terrorizm» suzining lugaviy ma’nosi nima?": "#Qurqitish, dahshat",
        "151.“Messiya” - so‘zining ma’nosi nima?": "#Xaloskor",
        "152.Diniy tashkilot ta’rifining aniqlang.": "#ma’lum dinga ishonuvchilar va ularning jamoalarining uyushmasidir",
        "153.Fuqarolarning dinga e’tiqod qilish yoki e’tiqod qilmaslikni mustaqil hal qilishlari qanday ataladi?": "#vijdon erkinligi",
        "154.Dinlar tasnifiga ko‘ra quyidagilarga bo‘linadi?": "#Urug‘ – qabila, millat va jahon dinlari",
        "155.Jahon dinlarining xronologik jihatdan paydo bo‘lishi quyidagi qaysi javobda to‘g‘ri ko‘rsatilgan?": "#Buddaviylik, xristianlik, islom",
        "156.Qaysi dinda taqvodorlikning belgisi sifatida “Chorvaga, oilaga ega bo‘lish va don ekishdir” deyilgan?": "#Zardushtiylikda",
        "157.Qaysi muqaddas kitobda tuproq, suv, havo, olov muqaddaslashtirilgan?": "#Avesto",
        "158.Imom al-Buxoriy (810-870) to‘plagan sahiyh hadislarining soni nechta?": "#7275 ta",
        "159.Diniy bag‘rikenglik bu…": "#Barcha dinlarga sabr-toqat, hurmat bilan munosabatda bo‘lish",
        "160.Konstitutsiyamizning nechanchi moddasida “…milliy va diniy belgilariga ko‘ra siyosiy partiyalarning, harbiylashtirilgan birlashmalarning tashkil etilishi va faoliyati taqiqlanadi”?": "#71- moddasida",
        "161.Diniy tashkilotlarning markaziy boshqaruv organlarini qaysi vazirlik tomonidan ro‘yxatga olinadi?": "#O‘zbekiston Respublikasi Adliya Vazirligi",
        "162.Yahudiylarning “poklanish kuni” bayramini aniqlang.": "#yom kippur",
        "163.Hinduiylik ta’limotiga ko‘ra jamiyat nechta kastaga bo‘linadi?": "#4 ta",
        "164.Konfutsiychilikning bosh xudosi nima?": "#Osmon xudosi",
        "165.Muso payg‘ambarga Yaxve tomonidan nechta lavha tushirilgan?": "#10 ta",
        "166.Braxmanizm dinining vatani qaysi?": "#Hindiston",
        "167.Hijrat qachon amalga oshgan?": "#622-yili",
        "168.Musulmonlar e’tiqodicha, xudo tomonidan Dovud payg‘ambarga yuborilgan muqaddas kitob?": "#Zabur",
        "169.Islоmgаchа milliy mа’nаvyatimizning tаriхiy vа g‘оyaviy nеgizini quyidаgilаr tаshkil etаdi:": "#Хаlq оg’izаki ijоdi nаmunаlаri, Zаrdushtiylik dini vа “Аvеstо”, etnоgrаfik mа’lumоtlаr",
        "170.Iso Masih qayerda yashab o‘tgan?": "#Falastin",
        "171.“Tavrot” nechta kitoblarga bo‘linadi?": "#5 ta",
        "172.Islom tarixidagi birinchi muqaddas jang...": "#Badr g‘azoti",
        "173.Hadis ilmining sultoni – Imom al-Buxoriy tavalludining 1225 yilligi qachon mamlakatimizda keng nishonlandi?": "#1998-yil",
        "174.Shariat – so‘zining lug‘aviy ma’nosi…?": "#arabcha, to‘g‘ri yo‘l",
        "175.“Hadis” so‘zining lug‘aviy ma’nosi nima?": "#yangi, xabar, xikoya",
        "176.Mashhur “Al-Jome’ as-sahih” asarini muallifi kim?": "#Imom al-Buxoriy",
        "177.XII asrda Xorazmda tasavvuf ilmining asoschisi kim?": "#Najmiddin Kubro",
        "178.Mazhab so‘zining lug‘aviy ma’nosi...": "#Oqim, yo‘l, ta’limot",
        "179.So’fizm ta`limoti qachon paydo bo’lgan?": "#VIII- IX asrlarda",
        "180.Alloh tomonidan alohida kitob va shariat berilgan payg’ambarlar, rasullar darajasiga erishganlar bu…": "#Ibrohim, Muso, Iso, Muhammad",
        "181.“Avesto” – yozuvi va matnini o’qib, tahlil qilgan olimlar?": "#Dyuperon va M. Boys",
        "182.Hadis necha xil?": "#Al-hadis Al-qudsiy, al-xadis an - Nabaviy",
        "183.«Hidoya» («To’gri yo’l») asari kimning qalamiga mansub?": "#Bahouddin Marg’inoniy",
        "184.Zаrdo’shtiylik dinining fаlsаfiy – ахlоqiy nеgizini tаshkil etаdigаn, mа’nаviy qаdriyat bo’lmish аsоsiy g’оya qаysi?": "#Ezgu fikr, ezgu kаlоm, ezgu аmаl birligi",
        "185.Milliy dinlarning asosiy xususiyatlari…": "#bir millatga mansublikda",
        "186.Monotеistik dinlarning asosi-bu": "#yakka xudoga sig’inish",
        "187.Jaholatga qarshi kurashning quroli nima?": "#Ma’rifat",
        "188.Animizm nima?": "#jism ruhlariga sig‘inish",
        "189.Xristian dinining asosiy yo‘nalishlarini ko‘rsating.": "#1,3,5",
        "190.Hindiston milliy dini qaysi din?": "#xinduizm",
        "191.Iudaizmnig o’ziga xosligi?": "#milliy dinligi",
        "192.Xitoy milliy dinlari qaysilar?": "#daosizm, konfutsiychilik",
        "193.Qur'onni birinchi bo’lib mushaf shakliga kеltirgan shaxsning nomi nima?": "#Usmon ibn Affon",
        "194.E'tiqod erkinligi nima bilan kafolatlangan?": "#O’zbеkiston Rеspublikasi Konstitutsiyasi bilan",
        "195.Hazrati Muhammad (SAV) qachon tavallud topganlar?": "#570/571",
        "196.Islomdagi sunniylik oqimining asosiy mazxab-yo’nalishlari": "#Xanafiy, molikiya, shofi'iylik, xanbaliya",
        "197.Diniy xodim dеganda kimni tushuniladi?": "#Imom, pastor, еpiskop",
        "198.Umuminsоniy qаdriyatlаrdаn biri hisoblangan – dinlаrаrо bаg’rikеnglik (tоlеrаntlik) bu ...": "#Turli diniy e’tiqоdli kishilаrning mа’lum bir hududdа hаmkоr vа hаmjihаt bo’lib yashashi",
        "199.Ma’lumki, Markaziy Osiyo va Hozirgi O‘zbekiston Hududida yashagan xalqlar sunniylikdagi Hanafiya Mazhabiga e’tiqod qilib, bu mazhabning asoschisi “Imomi A’zam” deb nomlangan “Imomi A’zam” so‘zi qanday ma’noni anglatadi?": "#Ulug‘ imom",
        "200.Ma’lumki, dunyoda islom aqidaparastligining qator diniy – siyosiy oqimlari mavjud bo‘lib, mustaqillikdan so‘ng O‘zbekistondagi tinchlik barqarorlikka ularning qaysilari tahdid solishga harakat qilishdi?": "#Vahhobiylik va Hizbut tahrir",
        "201.“Musulmonlarning e’tiqodini tuzatuvchi” degan yuksak sharafga sazavor bo‘lgan alloma kim?": "#Imom Moturidiy",
        "202.Dinning jamiatdagi “regulyatorlik» vazifasi nimadan iborat?": "#Din o`z qavmlarini turmushini nazorat qilishi",
        "203.Dinshunoslik fanining predmeti?": "#Dinni xolislik asosida o`rganish",
        "204.Tаsаvvuf tа’limоti - insоn uchun eng kаttа yov, dеb nimаni tushunаdi?": "#Nаfs bаlоsini",
        "205.E.Taylor nechanchi yil «animizm» konsepsiyasini ilgari surdi?": "#1871-yilda",
        "206.«Hujjatul islom” unvonini olgan olim?": "#G‘azzoliy",
        "207.«Shomon» so‘zining ma’nosi nima?": "#jazavali kishi",
        "208.«Yahve» atamasi qaysi dinga oid?": "#Yahudiylik",
        "209.Qaysi dinlar milliy dinlardan hisoblanadi?": "#Hinduizm, jaynizm, sikxizm, konfusiychilik",
        "210.Fransuzchada «but», «sanam», «tumor» – ma’nosini beruvchi, jonsiz buyumlarda e’tiqod qilish, bu...?": "#fetishizm",
        "211.Zаrdushtiylik dini insоniyat tаriхidа diniy e’tiqоd qаdriyatlаrini yuqоri bоsqichgа оlib chiqdi, ya’ni quyidаgi jаrаyonni bоshlаb bеrdi:": "#Monoteizmni",
        "212.Islom dini ta’limotida «vahiy» tushunchasi qanday talqin qilinadi?": "#Ilohiy ko‘rsatmalarni payg‘ambarga tushirish yo‘li",
        "213.O‘rta Osiyo nima uchun o‘rta asrlarda sharqning ma’naviyat markazi deb atalgan?": "#O’rta Osiyoda buyuk mutafakkirlarning etishib chiqqanligi, ilm markazlari va madrasalarning vujudga kelishi , jahon fani va islomshunosligiga qo’shgan hissasi tufayli",
        "214.Bag‘rikenglik manosini beruvchi so‘z?": "#tolerantlik",
        "215.Zardushtiylik qachon vujudga kelgan?": "#m.a. 1-mingyillikning birinchi choragi",
        "216.Yahudiylikda diniy jamoat joylarini boshqaruvchi, yahudiylik ta’limoti va kultining bilimdoni qanday nomlanadi?": "#ravvin",
        "217.«Ahli sunna val-jamoa»da fiqhiy mazhablar qaysilar?": "#Hanafiylik, Molikiylik, Shofiiylik, Xanbaliy",
        "218.Sunniylik yo‘nalishining aqidaviy ta’limoti qaysi ta’limotlarga asoslanadi?": "#Moturidiya, Ash’ariya",
        "219.Johiliya davridagi din va e’tiqodlar qaysilar?": "#Xristianlik, yahudiylik, sobiylik, majusiylik",
        "220.“Diniy tashkilotlar davlatdan ajratilgan hamda qonun oldida tengdirlar. Davlat diniy tashkilotlarning faoliyatiga aralashmaydi.” Ushbu so’zlar qaysi hujjatda joy olgan?": "#O’zbekiston Respublikasi Konstitutsiyasi",
        "221.Ma’lumotlarga ko‘ra, bugun dunyo bo‘yicha qanchaga yaqin terrorchilik tashkilotlari faoliyat ko‘rsatmoqda?": "#500",
        "222.Diniy ekstremistik guruhlar tahdid solayotgan turli mamlakatlarni shartli tarzda bir necha guruhga bo‘lish mumkin. Shunday guruhlarning 3-o’chog’i hisoblangan Janubi-Sharqiy Osiyo mintaqasida joylashgan davlatlarni toping.": "#Pokiston, Indoneziya, Malayziya, Hindiston, Filippin",
        "223.O‘tgan asrning 70-yillaridan boshlab diniy ekstremizm va fundamentalizmning eng yirik o‘chog‘iga aylahgan hudud qaysi?": "#Afg‘oniston",
        "224.Hasan al-Banno tomonidan 1928 yilda asos solingan tashkilot qaysi?": "#“Jamoat al-ixvon al-muslimin”",
        "225.“Islom nizomi”, “Islom davlati”, “Xalifalik”, “Islomiy olamga qaynoq nidolar”, “Demokratiya – kufr nizomi” va “Siyosiy ong” kabi asarlarni ta’limoti asosiga olgan diniy ekstremistik guruh qaysi?": "#“Hizb at-tahrir al-islomiy”",
        "226.Usoma bin Lodin qaysi diniy ekstremistik tashkilotning rahbari bo’lgan?": "#“Al-Qoida”",
        "227.2001 yilning 11 sentabrida Amerika Qo‘shma Shtatlarida turli reyslar bilan Nyu-York, Boston va Vashington shaharlaridan uchgan to‘rtta “Boing–757” samolyoti qaysi guruhga mansub 18 nafar terrorchi tomonidan egallab olindi?": "#“Al-Qoida”",
        "228.Lotincha – «aql bovar qilmas darajada», «haddan oshish», jamiyatda qabul qilingan qonun-qoidalarga zid radikal qarashlar va harakatlarni anglatadigan so‘z qaysi?": "#Ekstremizm",
        "229.Lotincha – «asos», muayyan ijtimoiy hodisaning dastlabki ko‘rinishini anglatadigan so‘z qaysi?": "#Fundamentalizm",
        "230.Arabcha – «g‘uluv ketish», «chuqur ketish», o‘z fikr-mulohaza va dunyoqarashi to‘g‘riligiga o‘ta qattiq ishonib, boshqa diniy e’tiqodlarga murosasiz munosabatda bo‘lishni anglatuvchi so‘z qaysi?": "#Mutaassiblik",
        "231.Lotincha – «qo‘rqitish», «vahimaga solish» – aholining keng qatlamlarida vahima va qo‘rquv uyg‘otish, jamiyatda beqarorlik keltirib chiqarish orqali davlat hokimiyatini egallash maqsadiga qaratilgan jinoiy faoliyatdir.": "#Terrorizm",
        "232.Ushbu so’z o‘zbek tiliga aynan tarjima qilinganda «e’tiqod qilish», degan ma’noni anglatadi. Umuman olganda, muayyan diniy ta’limot doirasida shakllangan va o‘ziga xos xususiyatlarga ega e’tiqod va ushbu e’tiqodga ergashuvchilar jamoasi tushuniladi.": "#Konfessiya",
        "233.Mutaxassislar hozirgi kunda dunyoda taxminan qancha diniy konfessiyalar mavjud, deb hisoblaydilar?": "#1000dan ortiq",
        "234.Sun Myung Men tomonidan tuzilgan xristian cherkovi qaysi?": "#Birlashgan cherkov",
        "235.«Aum sinrikyo» - Aum (sanskritcha «olam») haqiqati ta’limoti; ingliz tilida «Supreme truth», ya’ni «oliy haqiqat» deb tarjima qilingan diniy, sinkretik, terroristik, ekstremistik, totalitar, destruktiv sekta qayerda vujudga keldi?": "#Yaponiya",
        "236.Yerning Quyosh atrofida aylanishi haqidagi qarashlarni yoqlagani uchun cherkov tribunali tomonidan tavba qildirilib, o‘z qarashlaridan voz kechishga majbur qilingan Galileo Galileyning haq bo‘lganini tan olib, barchadan uzr so‘ragan papaning ismi kim?": "#Papa Ioann Pavel II",
        "237.1873-yilda Charlz Teyz Rassel (1852-1916) tomonidan asos solingan xristianlikdagi yangi oqim qaysi?": "#Yahve shohidlari",
        "238.1830 yili Nyu-York (AQSh) shahrida Jozef Smit (1805-1844) ismli shaxs tomonidan asos solingan yangi diniy oqim qaysi?": "#Mormonlar",
        "239.XIX asrda Eronda bobiylik yo‘nalishi zamirida vujudga kelgan diniy yo‘nalish qaysi?": "#Bahoiylik",
        "240.«Kitobi Aqdas» («Eng muqaddas kitob») va «Kitobi Iqon» («Mustahkam ishonch kitobi») asarlari qaysi diniy ta’limotining asoslarini tashkil etadi?": "#Bahoiylik",
        "241.G‘ayriislomiy mohiyat va diniy-siyosiy mazmunga ega bo‘lgan bu oqimi XIX asrning oxirlarida Mirzo G‘ulom Ahmad tomonidan tuzilgan. Dastlab u asoschisining nomi bilan – «Mirzoiylik» deb atalgan.": "#Ahmadiylik (Qodiyoniylik)",
        "242.Ayrim mamlakatlarning konstitutsiyalarida diniy tashkilotning davlatdan ajratilganligi mustahkamlangan bo‘lib, bunda davlat dinni o‘z fuqarolarining shaxsiy ishi sifatida ko‘radi. Ushbu ta’rif qaysi model haqida?": "#Separatsion model",
        "243.Qaysi davlat konstitutsiyasida “12 ta imomlarning mavjudligini nazarda tutuvchi ja’fariya mazhabi rasmiy din sifatida e’tirof etiladi hamda bu qoida abadiy o‘zgarmas bo‘lib qoladi” degan modda joy olgan?": "#Eron",
        "244.Quyidagi qaysi so’z «chuqur tushunish», «idrok etish», «bilish» ma’nolarini bildiradi. Istilohiy ma’noda esa – shariat hukmlarini o‘rganish, shariat qoidalarini barcha qismlari bilan anglash.": "#Fiqh",
        "245.Quyidagi qaysi so’z «yo‘nalish», «yo‘l», «diniy ta’limot» ma’nolarini bildiradi. Islom shariati va aqidasining muayyan bir tizimga solingan holatdagi ko‘rinishidir.": "#Mazhab",
        "246.Islom ta’limotini o‘rganishda eng ko‘p qo‘llangan ushbu atama, bu nom X asrda paydo bo‘lgan. Ushbu so‘z bir narsani ikkinchisiga «mahkam bog‘lash» ma’nosini beradi.": "#Aqida",
        "247.«Kitab at-Tavhid», «Kitab al-maqomat», «Kitab rad avoil al-adilla li-l-Ka’biy», «Kitab al-usul», «ar-Radd ala usul al-Qaromita», «Kitab ta’vilot ahli sunna» asarlarining muallifini toping.": "#Abu Mansur Moturidiy",
        "248.«Imom al-huda» (hidoyat yo‘li imomi) va «Imom al-mutakallimin» (mutakallimlar imomi) kabi nomlar bilan dovruq qozongan alloma kimdir?": "#Abu Mansur Moturidiy",
        "249.Halifa Abu Bakr nechanchi yillarda hukmronlik qilgan?": "#632-634",
        "250.Halifa Usmon ibn Affon nechanchi yillarda hukmronlik qilgan?": "#644-656",
        "251.Hadisni rivoyat qilgan roviylar zanjiri nima deb ataladi?": "#Isnod",
        "252.Qaysi hadis turida hadisda ma’no – Allohdan, lafz – Payg‘ambardan deb hisoblanadi?": "#al-hadis al-qudsiy",
        "253.Qaysi hadis turida ma’no ham, lafz ham Payg‘ambarniki deb hisoblanadi?": "#al-hadis an-nabaviy",
        "254.Makka fath etilgan 630-yili Ka’ba ichida qancha sanam bo‘lgan?": "#630",
        "255.Ko’chmanchi arablar nima deb ataladi?": "#Badaviylar",
        "256.Arabcha-ko‘ligi anbiyo, ilohiy xabar keltiruvchi payg‘ambar, Allohning farmoyishini insonlarga yetkazib beruvchi vositachi shaxs. O‘zlariga maxsus kitob va shariat berilmagan ushbu ta’rif kimlarga berilgan?": "#Nabiy",
        "257.Muhammad (sav)ning Makkadan Quddusga qilgan tungi sayri nima deb ataladi?": "#Isro",
        "258.Muhammad (sav)ning Quddusdagi Aqso masjididan osmonga ko‘tarilishlari nima deb ataladi?": "#Mer’oj",
        "259.Arabcha-uzoqdagi masjid-Quddus shahridagi yahudiylik an’anasida muqaddas hisoblangan Sulaymon ibodatxonasidir. Qur’on Karimda shu nom bilan tilga olingan masjid qaysi?": "#Al-Masjid al-Aqso",
        "260.Uhud tog‘i etagida bo‘lgan jang qachon sodir bo’lgan?": "#625",
        "261.Qachon Makka shahri jangsiz musulmonlarga taslim bo’ldi?": "#630",
        "262.Arabcha-Alloh uyi - Makka shahridagi Ka’ba binosining nomi nima?": "#Baytulloh",
        "263.Qoya gumbazi-Quddusdagi al-harom ash-Sharif markazidagi, qadimdan e’zozlanib kelingan qoya ustidagi gumbazli masjid qaysi?": "#Qubbat as-Sahro",
        "264.Tafsir nima?": "#Qur’on oyatlariga sharh beradi",
        "265.Islom so‘zining ma’nosi?": "#Allohga bo‘ysunmoq, itoat qilmoq",
        "266.O‘zbekistonda islom dini bayramlari qaysi?": "#Iyd-al Fitr, Iyd-al Qurbon",
        "267.Dinshunoslik fan sifatida qachon shakllandi?": "#19 asr oxiri 20 asr boshlarida",
        "268.Diniy fundamentalizm va ekstremizm tarafdorlarining asosiy maqsadi nima?": "#Xalifalik davlatini o‘rnatish",
        "269.Islomiy madaniyatga xos xususiyatlari nimalardan iborat?": "#e’tiqodlilik, poklik, ezgulik, xalimlik",
        "270.«Mushafi Usmon»ning asl nusxalaridan biri saqlanayotgan joy qayerda?": "#Toshkent",
        "271.Kalom falsafasining shakllanish davri": "#IX asr",
        "272.“Bayt ul хikma” qaysi shaharda tashkil etildi?": "#Bag‘dod",
        "273.Vijdon erkinligining kafolatlari nimalardan iborat?": "#Barchasi",
        "274.Iymon deganda nimani tushunasiz?": "#Ishonch",
        "275.Insoniylikning muhim shartlari...?": "#Hammasi to‘g‘ri",
        "276.Musulmon huquqshunosligidagi shariat manbalarini aniqlang.": "#Barcha javoblar to‘g‘ri",
        "277.Buddaviylik ta’limoti, asosan, uch qismdan iborat bo‘lib uning muhim qismi axloq hisoblanadi. Axloq normalari – «Pancha shila» (Buddaning besh nasihati) deb atalib u qaysi nasihatlardan iborat?": "#1,2,3,4,5",
        "278.Buddaviylik 2 asosiy oqimdan iborat bo‘lib ular qaysilar?": "#Hinayana va Mahayana",
        "279.Butun olam suv bosishi (to‘fon) haqidagi afsonaning vatani…": "#Messopotamiya"
    }
}