{
    "translations": {
        "1. Choose the best answer. Economics is the _______ of how individuals, businesses, and governments _______scarce resources to satisfy their needs and wants.": "#Study/allocate",
        "2. Choose the best answer. Market Structures include perfect competition, monopolistic competition, oligopoly, and monopoly, each _______ pricing and output.": "#affecting",
        "3. Choose the best answer. GDP in economics stands for__________.": "#Gross Domestic Product",
        "4. Choose the best answer. Inflation ________ to the rate at which the general level of prices for goods and services rises, eroding purchasing power.": "#refers",
        "5. Choose the best answer. ___________measures the number of people actively looking for jobs but unable to find work.": "#Unemployment",
        "6. Choose the best answer. Microeconomics ___________ on individual agents, such as households and firms, and how they make decisions.": "#Focuses",
        "7. Choose the best answer. Macroeconomics looks at the ____________as a whole, including issues like national income, overall employment, and inflation.": "#economy",
        "8. Choose the best answer. Understanding economics helps individuals and _______make informed decisions regarding resource allocation, investment, and consumption.": "#policymakers",
        "9. Choose the best opposite of the given word: Supply": "#demand",
        "10. Choose the best opposite of the given word: Competition": "#monopoly",
        "11. Choose the best opposite of the given word: Employ": "#fire",
        "12. Choose the best opposite of the given word: Income": "#Занятость/employment",
        "13. Find the best definition to a given word: Supply": "#refers to how much of a good or service is available",
        "14. Find the best definition to a given word: Demand": "#Indicates how much of a good or service consumers want",
        "15. Choose the best answer (plural). Put the ______ (knife) and forks on the table.": "#knives",
        "16. Choose the best answer (word formation). I’d like some_____ (inform) about trains.": "#information",
        "17. Choose the best answer (plural). She’s got very big ____(foot).": "#feet",
        "18. Choose the best answer. _____is a crucial concept in economics, representing the amount of money required to purchase a good or service.": "#Price",
        "19. Choose the best answer. Price plays a fundamental role in the functioning of ____and the allocation of resources.": "#markets",
        "20. Choose the best answer. Prices are primarily determined by the forces of ____and ____": "#supply and demand",
        "21. Choose the best answer. Prices help allocate _____efficiently, guiding producers on what to supply based on consumer preferences.": "#resources",
        "22. Choose the best answer. Economics ____the study of the use of scarce resources that have alternative uses.": "#is",
        "23. Choose the best answer. Economics____ how people interact within markets to get what they want or accomplish certain goals.": "#explains",
        "24. Choose the best answer. Economics ______the behavior and interactions of economic agents and how economies work.": "#focuses on",
        "25. Choose the best answer. Usually, our company _____(make) payments at the end of each month.": "#makes",
        "26. Choose the best answer. Does your company produce hardware? (Present simple: produce)": "#Does your company produce hardware?",
        "27. Choose the best answer. Our company__ __ mostly software from Apple.": "#buys",
        "28. Choose the best answer. This equipment ___(cost) much the previous year.": "#Cost",
        "29. Choose the best answer. We ______ ______ (not make) contracts with Microsoft last year. Because we had contracts with other IT companies.": "#Didn’t make",
        "30. Choose the best answer. Understanding price and its ___________is essential for consumers, businesses, and policymakers to make informed decisions in the marketplace.": "#Dynamics",
        "31. Choose the best answer. Currency is a system of _______in common use, particularly for transactions and trade.": "#Money",
        "32. Choose the best answer. Money that has no intrinsic value but is established as legal tender by government decree (e.g., the US dollar, euro) is____________.": "#Fiat currency",
        "33. Choose the best answer. Money that has intrinsic value, such as gold or silver coins.": "#Commodity Money",
        "34. Choose the best answer. Cryptocurrencies (like Bitcoin) and central bank digital currencies (CBDCs), which exist in electronic form.": "#Digital currency",
        "35. Choose the best answer. Currency _________ (Present simple: affect) international trade, as exchange rates determine the relative cost of exporting and importing goods.": "#Affects",
        "36. Choose the best answer. Bitcoin is a decentralized ________currency that was created in 2009 by an anonymous individual or group known as Satoshi Nakamoto.": "#Digital",
        "37. Choose the best answer. Bitcoin can ______ (Present: be) used for online purchases, donations, and remittances, although its acceptance as a payment method varies.": "#Be",
        "38. Choose the best answer. Pablo’s grandma is very tired, but he isn’t doing any chores for her. Sometimes he’s very______________.": "#Unhelpful",
        "39. Choose the best answer. You never pay for anything. Why are you so _______?": "#Stingy",
        "40. Yesterday, I felt really happy. But today, I’m really __________ .": "#Miserable",
        "41. Choose the best answer. Sara is never nervous or worried about things. She always seems very_________.": "#Relaxed",
        "42. Choose the best answer. A___child never forgets to say please and 'thank you'.": "#Polite",
        "43. Choose the best answer. I need someone ___to help me, who doesn't do stupid things!": "#Sensible",
        "44. Write the words in the correct order to make sentences. never/Sally/ the dishwasher/loads.": "#Sally never loads the dishwasher.",
        "45. Write the words in the correct order to make sentences. to my friends/I/ text messages/ often/send": "#I often send text messages to my friends.",
        "46. Write the words in the correct order to make sentences. tidies/Frank/usually/ at the weekend/ his bedroom": "#Frank usually tidies his bedroom at the weekend.",
        "47. Choose the best answer. Cryptocurrency is a type of digital or __currency that uses cryptography for security.": "#virtual",
        "48. Choose the best answer. Unlike ___ currencies issued by governments (fiat money), cryptocurrencies are typically decentralized and operate on a peer-to-peer network.": "#traditional",
        "49. Choose the best answer. The first and most well-known cryptocurrency, created in 2009 is __": "#bitcoin",
        "50. Choose the best answer. Cryptocurrencies can be used for online____, remittances, and even in some physical stores.": "#transactions",
        "51. Choose the best answer. Cryptocurrency is _ (revolutionize) the way we think about money and finance.": "#revolutionizing",
        "52. Choose the best answer. Which of the following is an example of digital currency?": "#bitcoin",
        "53. Choose the best answer. Which factor does NOT affect exchange rates? (Interest rates/ Weather conditions/ Economic stability/ Low income)": "#low income",
        "54. Choose the best answer. What is a primary feature of Bitcoin?": "#decentralization",
        "55. Choose the best answer. Bitcoin is often referred to as:": "#digital gold",
        "56. Choose the best answer. Which of the following is NOT a type of cryptocurrency? (Bitcoin/ Ethereum/ Dollar/ Lightcoin)": "#dollar",
        "57. Choose the best answer. What does B2B stand for …. in e-Commerce?": "#Transactions between businesses",
        "58. Choose the best answer. Which of the following is a benefit of e-Commerce?": "#Wide selection",
        "59. Choose the best answer. Which model allows consumers to sell products to each other?": "#C2C",
        "60. Choose the best answer. What is a major challenge for e-Commerce businesses?": "#Cybersecurity",
        "61. Choose the best answer. What technology is crucial for e-Commerce operations?": "#internet",
        "62. Choose the best answer. Which field of economics focuses on individual consumers and firms?": "#Microeconomics",
        "63. Choose the best answer. What does public economics primarily study?": "#The role of government in the economy",
        "64. Choose the best answer. Which of the following areas examines climate change and pollution?": "#Environmental pollution",
        "65. Choose the best answer. Which area of economics studies the impact of environmental policies?": "#Environmental economics",
        "67. Choose the best answer. Public economics studies the role of ______ in the economy.": "#government",
        "68. Choose the best answer. What is one key feature of online transactions?": "#convenience",
        "69. Choose the best answer. What is used to secure sensitive information during online transactions?": "#encryption",
        "70. Choose the best answer. What is a challenge associated with online transactions?": "#Shipping and delivery",
        "71. Choose the best answer. ___ involves setting prices that have a psychological impact, such as pricing something at $9.99 instead of $10.00 to make it appear cheaper.": "#Psychological pricing",
        "72. Choose the best answer. What feature helps enhance the shopping experience for customers?": "#User-friendly platforms",
        "73. Choose the best answer. Which of the following is a challenge faced by e-commerce companies?": "#Cybersecurity",
        "74. Choose the best answer. What type of e-commerce model involves individuals offering services to businesses?": "#C2B",
        "75. Choose the best answer. Which of the following is NOT mentioned as a key feature of e-commerce companies?": "#In-person sales",
        "76. Choose the best answer. What is the primary goal of advertising?": "#To promote products and services",
        "77. Choose the best answer. Which of the following is NOT mentioned as a channel for advertising?": "#Measurement",
        "78. Choose the best answer. What does a Call to Action (CTA) encourage consumers to do?": "#Encouraging consumers to take a specific step, such as making a purchase, signing up for a newsletter, or visiting a website.",
        "79. Choose the correct present continuous form to complete each sentence. I __ (make) dinner right now.": "#Am making",
        "80. Choose the best answer. She __ (not listen) to music at the moment.": "#Is not listening",
        "81. Choose the best answer. They __ (present continuous: travel) to Spain this week.": "#Are travelling",
        "82. Choose the best answer. We __ (present continuous: discuss) our plans for the weekend.": "#Are discussing",
        "83. Choose the best answer. He __ (present continuous: exercise) at the gym right now.": "#Is exercising",
        "84. Choose the best answer. What is the opposite of 'hot'?": "#Cold",
        "85. Happy - Opposite:": "#Sad",
        "86. Big - Opposite:": "#Small",
        "87. Fast - Opposite:": "#Slow",
        "88. Clean - Opposite:": "#Dirty",
        "89. Strong - Opposite:": "#Weak",
        "90. Rich - Opposite:": "#Poor",
        "91. Light - Opposite:": "#Heavy",
        "92. Early - Opposite:": "#Late",
        "93. Beautiful - Opposite:": "#Ugly",
        "94. In the garden, ____a swing set.": "#There is",
        "95. On the table, ____two cups of coffee.": "#There are",
        "96. _____a lot of traffic on the road today.": "#There is",
        "97. In the library, _____many computers for students.": "#There are",
        "98. ____an interesting movie at the theater tonight.": "#There is",
        "99. Choose the best answer. What is the primary function of computing?": "#Computing involves the processing of data using algorithms—step-by-step procedures or formulas for solving problems. It encompasses a wide range of activities, from simple calculations to complex simulations and data analysis.",
        "100. Choose the best answer. Which of the following was an early mechanical calculator?": "#Such as the abacus.",
        "101. Choose the best answer. What era did the invention of the microprocessor lead to?": "#In the 1970s",
        "102. Choose the best answer. Which component is considered hardware?": "#Central Processing Unit",
        "103. Choose the best answer. What does programming involve?": "#Writing code to create software that implements these algorithms.",
        "104. Choose the best answer. Which of the following is a countable noun?": "#Cat",
        "105. Choose the best answer. Which of the following is an uncountable noun?": "#Bread",
        "106. Choose the best answer. Find a word combination with uncountable noun.": "#Water",
        "107. Choose the best answer. Which sentence is correct?": "#She has / many/ friends.",
        "108. Choose the best answer. Which of the following is countable noun?": "#Books",
        "109. Choose the best answer. Which of the following is a type of application software?": "#Word Processor",
        "110. Choose the best answer. Which operating system is used by over 90% of the world's computers?": "#Windows",
        "111. Choose the best answer. What is the purpose of database software?": "#These allow the user to handle large lists of data and perform tasks such as sorting and filtering the data easily.",
        "112. Choose the best answer. Which type of software would you use for video editing?": "#Application software",
        "113. Choose the best answer. What does backup software do?": "#Backup utility software makes a copy of all information on the disk.",
        "114. Choose the best answer. What enables users to create documents like letters.": "#Word Processors",
        "115. Choose the best answer. What programs control the working of a computer?": "#Operation Software",
        "116. Choose the best answer. Which software allows the user to make power point presentations?": "#Presentation Software",
        "117. Choose the best answer. __ allow the user to create more graphical documents such as Posters and Newsletters.": "#Desktop Publishers",
        "118. Choose the best answer. __ utility software makes a copy of all information on the disk.": "#Backup",
        "119. Choose the best answer. Bobur hasn't got _ petrol. He needs to stop and get some.": "#Much",
        "120. Choose the best answer. There was ____ rain last autumn.": "#A lot of",
        "121. Choose the best answer. There was ____ food in the fridge. It was nearly empty.": "#Little",
        "122. Choose the best answer. You travel a lot. Have you been to _ countries?": "#Many",
        "123. Choose the best answer. It costs _ money to give your children a good education.": "#A lot of",
        "124. Choose the best answer. Which of the following is NOT a type of input device?": "#Monitor or speaker",
        "125. Choose the best answer. What type of input device is commonly used for gaming?": "#Joystick",
        "126. Choose the best answer. A device used to scan physical documents and convert them into digital format is called:": "#Scanner",
        "127. Choose the best answer. Which input device allows for voice commands?": "#Microphone",
        "128. Choose the best answer. What is the primary purpose of a touchpad?": "#To provide a pointing device for input",
        "129. Choose the best answer. The keys are ___ the table.": "#On",
        "130. Choose the best answer. The car is parked ___ the garage.": "#Behind",
        "131. Choose the best answer. The clock is hanging ___ the wall.": "#On",
        "132. Choose the best answer. The restaurant is ___ the corner of the street.": "#At",
        "133. Choose the best answer. The ball is ___ the box.": "#Inside",
        "134. Choose the best answer. Which is NOT an output device?": "#Keyboard",
        "135. Choose the best answer. What type of printer uses toner to produce images?": "#Laser printer",
        "136. Choose the best answer. Which output device is the best for high-quality graphic printing?": "#Inkjet printer",
        "137. Choose the best answer. What is the main purpose of a speaker?": "#To output sound",
        "138. Choose the best answer. Which device is used for large-format printing, often in engineering or design?": "#Plotter",
        "139. Choose the best answer (degrees of adjectives). Who is the ___ (tall) person in your family?": "#Tallest",
        "140. Choose the best answer (degrees of adjectives). My mum is ___ (good) at cooking than my dad.": "#Better",
        "141. Choose the best answer (degrees of adjectives). December is the ____month in this area.": "#Coldest",
        "142. Choose the best answer (degrees of adjectives). What’s ______animal? Cheetah or tiger?": "#more dangerous",
        "143. Choose the best answer (degrees of adjectives). Ethan is a ______boy than Merek.": "#happier",
        "144. Choose the best answer (degrees of adjectives). Are there  ____beaches here than Hawaii?": "#nicer",
        "145. Choose the best answer (degrees of adjectives). She bought ____cake for her own birthday. For my birthday, it was only a little cupcake.": "#the nicest",
        "146. Choose the best answer (degrees of adjectives). Who is  _____singer? Shona or Lisa?": "#more famous",
        "147. Choose the best answer. Which of the following is NOT an operating system?": "#Unix",
        "148. Choose the best answer. Which component of computer system allows to enter the data?": "#input device",
        "149. Choose the best answer. Which operating system is open-source?": "#Linux",
        "150. Choose the best answer. What is the primary function of a file system in an operating system?": "#Managing files and directories",
        "151. Which of the following operating systems is primarily used on mobile devices?": "#Android",
        "152. Choose the best answer. Which of the following is NOT a component of a GUI?": "#Command line",
        "153. Choose the best answer. What is the purpose of icons in a GUI?": "#Small graphic symbols representing programs, files, or functions",
        "154. Choose the best answer. Which action typically involves using a toolbar?": "#A set of buttons or icons grouped together for quick access",
        "155. Choose the best answer. What does the 'File' menu usually offer?": "#Options like 'Open' and 'Save'",
        "156. Which of the following operating systems is known for its GUI?": "#Microsoft Windows",
        "157. Choose the best answer. Which type of network connects devices within a small geographic area?": "#Local Area Network (LAN)",
        "158. Choose the best answer. The internet is an example of which type of network?": "#Public Wide Area Network (WAN)",
        "159. Choose the best answer. Which technology is commonly used in PANs?": "#Bluetooth",
        "160. Choose the best answer. What is a key characteristic of a Metropolitan Area Network (MAN)?": "#Reliability and high-speed connectivity",
        "161. Choose the best answer (modal verb). She by now. have finished the project": "#She must have finished the project by now.",
        "162. Choose the best answer (modal verb). They the exam. have studied harder for": "#They should have studied harder for the exam",
        "163. Choose the best answer (modal verb). He meeting. have known about the": "#He might have known about the meeting",
        "164. Choose the best answer (modal verb). You have seen her at the party.": "#You could have seen her at the party",
        "165. Choose the best answer (modal verb). I thought I project. help you with the": "#I thought I would help you with the project.",
        "166. Choose the best answer. Which topology connects all devices to a single central cable?": "#Bus topology",
        "167. In which topology does a failure in one device disrupt the entire network?": "#Ring topology",
        "168. Which topology is known for its high reliability and resilience?": "#Mesh topology",
        "169. What type of topology is characterized by a hierarchical structure?": "#Tree topology",
        "170. Choose the best answer. Which topology is considered cost-effective but can suffer from performance issues?": "#Bus topology",
        "171. Choose the best answer. She ___ (present simple: go) to school every day.": "#Goes",
        "172. Choose the best answer. They usually ___ (present simple: watch) TV in the evening.": "#Watch",
        "173. Choose the best answer. He ___ (present simple: like) chocolate cake.": "#Likes",
        "174. Choose the best answer. The train ___ (present simple: leave) at 6 PM.": "#Leaves",
        "175. Choose the best answer. I __ (present simple: not understand) this lesson.": "#I don't understand this lesson",
        "176. Choose the best answer. Which of the following is a benefit of the digital age?": "#Improved communication",
        "177. Choose the best answer. What term refers to the use of digital technology to create, share, and exchange information?": "#Digital media",
        "178. Choose the best answer. Which of the following is an example of e-commerce?": "#Buying products online",
        "179. Choose the best answer. What is a significant challenge of the digital age?": "#Cyberbullying and online harassment",
        "180. Choose the best answer. The term 'digital footprint' refers to:": "#The trail of data you leave behind when using the internet",
        "181. Choose the best answer. The new app is ___ (used to/for/of/up) tracking your fitness goals.": "#Used for",
        "182. Choose the best answer. The sculpture is ___ marble, which gives it a beautiful finish.": "#Made of",
        "183. Choose the best answer. She ___ (made of/ made for/ used for/ used to) go hiking every weekend before she moved to the city.": "#Used to",
        "184. Choose the best answer. This recipe is ___ (made of/ made from/ used for/ made in) fresh ingredients that enhance the flavor.": "#Made from",
        "185. Choose the best answer. The device is ___ (made for/ made from/ used for/ used to) charging multiple gadgets at once.": "#Used for",
        "186. Choose the best answer. Which type of attack involves encrypting a user's files and demanding a ransom?": "#Ransomware attack",
        "187. Choose the best answer. The computer language for a lot of pages on the Internet is:": "#HTML",
        "188. Choose the best answer. What type of database organizes data in a tree-like structure?": "#Hierarchical database",
        "189. Choose the best answer. What is the past participle of 'sing'?": "#Sung",
        "190. Choose the best answer. Which sentence correctly uses the past participle?": "#They have seen the movie",
        "191. Choose the best answer. The car was ___ (wash) yesterday.": "#Washed",
        "192. Choose the best answer. I have ___ (choose) the blue dress for the party.": "#Chosen",
        "193. Choose the best answer. The letter was ___ (send) last week.": "#Sent",
        "194. Choose the best answer. The project was ___ (complete) on time.": "#Completed",
        "195. Choose the best answer. The windows were ___ (clean) yesterday.": "#Cleaned",
        "196. Choose the best answer. She has ___ (loose) her keys somewhere in the house.": "#Lost",
        "197. Choose the best answer. The song was _______ (sing) by a famous artist.": "#Sung",
        "198. Choose the best answer. They have _______ (go) to the new restaurant.": "#Gone",
        "199. Choose the correct Irregular verbs. What is the past tense of 'go'?": "#Went",
        "200. Choose the best answer. Which of the following verbs is irregular?": "#Buy",
        "201. Choose the best answer. What is the past participle of 'speak'?": "#Spoken",
        "202. Choose the best answer. The past tense of 'drink' is:": "#Drank",
        "203. Choose the best answer. Which verb has the present form 'wrote'?": "#Write",
        "204. Choose the correct sequencing word to complete each sentence. I finished my report. ______, I submitted it to my manager.": "#Next",
        "205. Choose the best answer. ______, we will discuss the budget for next year. Then we can present it.": "#First",
        "206. Choose the best answer. She cleaned the house. ______, she prepared dinner for her guests.": "#Then",
        "207. Choose the best answer. We arrived at the airport. ______, we checked in our luggage.": "#After that",
        "208. Choose the best answer. ______ you start studying, make sure you have a quiet place.": "#Before",
        "209. Choose the best answer. Which word is used to indicate the beginning of a sequence?": "#First",
        "210. What sequencing word would best fit the following sentence? 'I finished my homework. ______, I watched TV.'": "#Then",
        "211. Which of the following is NOT a sequencing word?": "#However",
        "212. Choose the best answer. '_______ you arrive, we can start the meeting.'": "#As soon as",
        "213. Choose the best answer. 'She cleaned the house, _______ she went to the grocery store.'": "#Then",
        "214. Choose the correct answer for each question. What is the primary goal of marketing?": "#To meet customer needs and drive sales.",
        "215. Choose the best answer. Which of the following is NOT a component of digital marketing?": "#Print advertising",
        "216. Choose the best answer. What helps differentiate a product from its competitors?": "#Brand identity",
        "217. Choose the best answer. Which marketing activity focuses on analyzing consumer preferences?": "#Market Research",
        "218. Choose the best answer. SEO is an acronym for:": "#Search Engine Optimization",
        "219. Choose the best answer. What are the 4 P’s of marketing?": "#Product, Price, Place, Promotion",
        "220. Choose the correct answer for the question. What type of storage is faster?": "#Solid State Drive (SSD)",
        "221. Choose the best answer. Which of the following is NOT a suggested use for a computer?": "#Eating",
        "222. Choose the best answer. What is a key consideration when buying a desktop?": "#Performance for the price",
        "223. Choose the best answer. Which feature is essential for gaming?": "#Powerful graphics card",
        "224. Choose correct words for the given definitions. A person responsible for controlling or administering an organization or group of staff is …": "#Manager",
        "225. Choose the best answer. Something not easy to analyze or understand; complicated or intricate": "#Complex",
        "226. Choose the best answer. A series of actions or steps taken in order to achieve a particular end.": "#Process",
        "227. Choose the best answer. The ability to perform various tasks satisfactorily.": "#Competence",
        "228. Choose the best answer. Complex is …": "#Something not easy to analyze or understand; complicated or intricate",
        "229. Choose the best answer. What are SAVINGS?": "#Money set aside for future use, often in a bank account",
        "230. Choose the best answer. What is INCOME?": "#The money received, especially on a regular basis, for work or through investments",
        "231. Complete the sentences using the appropriate words. A budget is a financial plan that outlines expected _______ and expenditures.": "#Income",
        "232. Choose the best answer. A portion of the budget should be allocated for ________ to ensure financial security.": "#Savings or investments",
        "233. Choose the best answer. Regularly reviewing a budget helps reflect changes in income or __________.": "#Expenses.",
        "234. Choose the correct answer for the question. Existing as the only one or as the sole example; single": "#Unique",
        "235. Choose the best answer. A person who seeks to promote the welfare of others, especially by the generous donation of money to good causes.": "#Philanthropist",
        "236. Choose the best answer. A person who sets up a business, taking on financial risks in the hope of profit.": "#Entrepreneur",
        "237. Choose the best answer. A wealthy and influential businessman or businesswoman.": "#Tycoon",
        "238. Choose the best answer. Become or make larger or more extensive.": "#Expand",
        "239. Choose the best answer. Chance or luck as an arbitrary force affecting human affairs.": "#Fortune",
        "240. Choose the best answer. Who is the founder of Microsoft?": "#Bill Gates",
        "241. Choose the best answer. In March 2000, _________ received a knighthood at Buckingham Palace for his contributions to entrepreneurship.": "#Branson",
        "242. Choose the best answer. ________an American entrepreneur, philanthropist, investor, software developer, and inventor": "#Bill Gates",
        "243. Choose the best answer. In 2004, _________ established Virgin Galactic, a division of Space Light Corporation located at Mojave Air and Space Port, recognized for the Spaceship One and Spaceship Two projects.": "#Richard Branson",
        "244. Choose the correct answer for each question. A person or organization which invests money.": "#Investor",
        "245. Choose the best answer. What are a company’s possessions?": "#Assets",
        "246. Choose the best answer. Money that you have saved in a bank or invested is…": "#Savings",
        "247. Choose the best answer. Someone who owns shares in a company.": "#Shareholder",
        "248. Choose the best answer. What is a loan?": "#Borrowed amount of money",
        "249. Choose the best answer. A ___________ is an independent legal entity.": "#Corporation",
        "250. Choose the best answer. What is a place where people buy and sell shares?": "#Stock exchange",
        "251. Choose the best answer. I have to ________ three exams next week.": "#Take",
        "252. Choose the best answer. I've got a headache. I'm going to _______ an aspirin": "#Take",
        "253. If you’re tired, ____a rest.": "#Have",
        "254. _____means to say that someone is responsible for an accident.": "#Blame",
        "255. _____ is a set of tools designed to be used for some purposes.": "#Tool kit",
        "256. ______  is being answerable for outcomes and decisions made in the course of work.": "#Accountability",
        "257. ____means following organizational policies, procedures, and legal regulations.": "#Compliance",
        "258. _____means working effectively with others to achieve common goals.": "#Team collaboration",
        "259. The specific tasks and functions that an employee is expected to perform are ___": "#Job duties.",
        "260. Fundamental means  ________": "#Being an essential part of something or basis",
        "261. Futachiba  (Present: be) ____leading international provider of computer hardware.": "#Is a",
        "262. We (Present: have) ______production facilities in six countries and we sell our products to almost every country in the world.": "#Have",
        "263. We  (Present: provide)_____ a very high level of customer services.": "#Provide",
        "264. We (Present: be)____ a fast-growing private company that (Present: supply) supplies cloud computing services internationally": "#Are, supply",
        "265. Our products  (Present: include) ____online office applications such as word processing, spreadsheet, presentation and database programs, which people (Present: can/ use)  ____use on the internet anywhere and at any time.": "#Include/can use",
        "266. At Digital World we proudly (design)____ the most popular games in the world!": "#Design",
        "267. We (excite) are _____every day by the great feedback we get from our favorite people.": "#Excited",
        "268. Many of them (Present: be available) _____ also ____for Apple iOS and Android.": "#Are/ available",
        "269. We (expect) ____ to (launch)____ the next version of our biggest game, War of the Suns, next month.": "#Expect/ launch",
        "270. I (be) ___sixteen years old.": "#Am",
        "271. The company (include) ______major corporations, as well as many small and medium-sized companies.": "#Includes",
        "272. The snow (melt)_____ at a temperature of 0 Celsius degrees.": "#Melts",
        "273. They (Present: eat) ____lunch at 12:00.": "#Eat",
        "274. ____this engineer work at the factory? (Present simple)": "#Does",
        "275. I (Present: like) ____chocolate.": "#Like",
        "276. Every Sunday we (go) _____to see my grandparents.": "#Go",
        "277. We (Present: want)____ to see a movie tonight.": "#Want",
        "278. Mr. Anderson (Present: teach)_____ chemistry at Hill High School.": "#Teaches",
        "279. They (Present: study) _____English at school.": "#Study",
        "280. I (Present: want) ____to go home now.": "#Want",
        "281. Choose the best answer. Bill and Calicia _______ to the mountains every year.": "#Bill and Calicia go to the mountains every year.",
        "282. Choose the best answer. We _______ pasta once a week. (Present: eat)": "#We eat pasta once a week.",
        "283. Choose the best answer. It _______ here in December. (Present: snow)": "#It snows here in December.",
        "284. Choose the best answer. When Dax _______ a shower, he _______ his hair with shampoo.": "#When Dax takes a shower, he washes his hair with shampoo.",
        "285. Write questions with DO/DOES. I play tennis. And you?": "#I play tennis. And you? Do you play tennis?",
        "286. Choose the correct question to the given sentences. They have lunch at a café.": "#Where do they have lunch?",
        "287. Choose the correct question to the given sentences. She lives in Tashkent": "#Where does she live?",
        "288. Choose the correct question to the given sentences. They are at the party now.": "#Where are they now?",
        "289. Choose the best definition to the given word: DATA.": "#Data is information, especially facts or numbers, used for analysis or decision-making.",
        "290. Choose the best definition to the given word: CALCULATE.": "#Calculate means to determine a value or result by using mathematics.",
        "291. Choose the best definition to the given word: STORAGE.": "#Storage is the process or space for keeping data, materials, or objects for future use.",
        "292. Choose the correct word. Without ________ it would be impossible for engineers to perform the enormous number of calculations.": "#Without computers, it would be impossible for engineers to perform the enormous number of calculations.",
        "293. Choose the best answer. Computers equipped with the _______________ provide important information and connect all students around the world.": "#Computers equipped with the internet provide important information and connect all students around the world.",
        "294. Choose the proper ending. JPG or JPEG is ___________.": "#JPG or JPEG is one of the most common image files.",
        "295. Choose the best answer. Some websites want to _______ a service.": "#Some websites want to promote a service.",
        "296. Choose the right translation of the word: DATA": "#Data translates to 'ma'lumotlar' in Uzbek or 'данные' in Russian.",
        "297. Choose the best answer. The new security system ________ our customer’s better.": "#The new security system will protect our customers better.",
        "298. Choose the best answer. Hackers ___________get into network.": "#Hackers will not get into the network.",
        "299. What is a database?": "#A database is an organized collection of data stored electronically and managed efficiently.",
        "300. Choose the best answer. DBMS ______________ (be) the software that manages all aspects of database.": "#DBMS is the software that manages all aspects of a database."
    }
}