{
    "translations": {
    "1.What is the definition of a matrix?": "#A structured array of numbers",
    "2.What is a zero matrix?": "#A matrix with only zeros",
    "3.What is the diagonal of a matrix?": "#Elements where row and column indices are equal",
    "4.What does the transpose of a matrix mean?": "#Switching rows and columns",
    "5.When does the inverse of a matrix exist?": "#If the determinant is greater than zero",
    "6.If  is a diagonal matrix with diagonal entries , then :": "#Exists if all",
    "7.Gauss-Jordan elimination is used to:": "#Both A and C",
    "8.If  is invertible and , what is ?": "#A zero vector",
    "9.Which of the following is not a property of invertible matrices?": "#Their determinant is zero",
    "10.The determinant of a triangular matrix is:": "#The product of its diagonal elements",
    "11.A square matrix is invertible if:": "#It has  pivots",
    "12.What happens if you exchange two rows of an invertible matrix ?": "# remains invertible, but its determinant changes sign",
    "13.The identity matrix  is:": "#Both A and C",
    "14.Which operation cannot be performed on an invertible matrix without affecting invertibility?": "#Replacing a row with zero",
    "15.A diagonal matrix is invertible if:": "#All diagonal entries are non-zero",
    "16.Which of the following is not a property of invertible matrices?": "#Their determinant is zero",
    "17.The determinant of a triangular matrix is:": "#The product of its diagonal elements",
    "18.If  is invertible and , what is ?": "#A zero vector",
    "19.What is the order of a matrix with 3 rows and 4 columns?": "#3x4",
    "20.What type of matrix has all elements equal to zero?": "#Zero Matrix",
    "21.Which matrix has non-zero elements only on the main diagonal?": "#Diagonal Matrix",
    "22.Which of the following is NOT true about matrix multiplication?": "#It is commutative",
    "23.What happens to the determinant if two rows of a matrix are swapped?": "#It changes sign",
    "24.What is the determinant of a triangular matrix (upper or lower)?": "#Product of diagonal elements",
    "25.What is the determinant of a singular matrix?": "#0",
    "26.If matrix AAA is singular, then its determinant is:": "#0",
    "27.The determinant of the transpose of a matrix is equal to:": "#Its determinant",
    "28.If the determinant of a matrix is non-zero, the matrix is:": "#Non-singular",
    "29.If the determinant of a matrix A is 7, what is the determinant of 2A2 if A is a 3x3 matrix?": "#224",
    "30.What is the determinant of the zero matrix of order 3?": "#0",
    "31.Which method is used to find the inverse of a matrix?": "#All of the above",
    "32.If the determinant of AAA is zero, the inverse of AAA:": "#Does not exist",
    "33.If a matrix is both symmetric and orthogonal, then its inverse is:": "#Itself",
    "34.The inverse of the transpose of an invertible matrix is:": "#Transpose of the inverse",
    "35.If a matrix A is singular, its inverse is:": "#Undefined",
    "36.The adjoint of a matrix is used to compute its inverse when:": "#The determinant is non-zero",
    "37.The inverse of a scalar matrix is:": "#The inverse of each scalar entry on the diagonal",
    "38.Which of the following is a requirement for a set to be a vector space?": "#Closure under addition",
    "39.Which of the following is true about scalar multiplication in a vector space?": "#All of the above",
    "40.Which of the following is a valid definition of a linear combination?": "#A sum of vectors where each vector is multiplied by a scalar",
    "41.Which of the following is an example of a vector space?": "#The set of all polynomials with real coefficients",
    "42.The set of all 2x2 matrices is a vector space over the real numbers. Which of the following is true?": "#Matrix addition is commutative",
    "43.Which property is necessary for a set of vectors to form a basis for a vector space?": "#Both A and B",
    "44.Which of the following is true about a vector space with a basis of 3 vectors?": "#It is 3-dimensional",
    "45.Which of the following is a scalar multiplication in a vector space?": "#Multiplying a vector by a scalar",
    "46.Which of the following is a condition for a set of vectors to be a subspace?": "#All of the above",
    "47.Which of the following is a vector space under matrix addition and scalar multiplication?": "#The set of all square matrices of size n×n",
    "48.If a set of vectors is linearly independent, what can be said about the matrix formed by these vectors?": "#The matrix is non-singular",
    "49.Which of the following is a condition for linear independence of a set of vectors?": "#The vectors cannot be written as a linear combination of each other",
    "50.If a matrix is in reduced row echelon form, what can be said about its rows?": "#Each leading entry is 1, and all entries below and above the leading entry are 0",
    "51.Which of the following properties does a scalar product possess?": "#All of the above",
    "52.What is the cross product of two parallel vectors?": "#Undefined",
    "53.Which of the following is an example of a vector space over the complex numbers?": "#The set of all polynomials with complex coefficients",
    "54.What is the rank of a matrix?": "#The number of linearly independent rows or columns",
    "55.Which operation is distributive in a vector space?": "#Both A and B",
    "56.What does it mean for vectors to be linearly dependent?": "#One of the vectors is a scalar multiple of another",
    "57.Which of the following is true for any vector space?": "#It contains the zero vector",
    "58.Which of the following is not a vector space?": "#The set of all integers",
    "59.Which of the following operations is not defined in a vector space?": "#Division of vectors",
    "60.Which of the following is true about a basis of a vector space?": "#The number of elements in a basis is equal to the dimension of the vector space",
    "61.What does the span of a set of vectors represent?": "#Both A and B",
    "62.Which of the following operations is not allowed in a vector space?": "#Division of vectors",
    "63.What does it mean for two vectors to be orthogonal?": "#Both A and B",
    "64.What is the rank of a matrix with all zero entries?": "#0",
    "65.Which method is used to solve a system of equations by eliminating one variable?": "#Elimination",
    "66.Which of the following is true for a system of linear equations to have a unique solution?": "#The matrix must be non-singular",
    "67.What does the rank of a matrix represent?": "#The number of linearly independent rows or columns",
    "68.Which method can be used to solve a system of equations when the coefficient matrix is not square?": "#Row reduction",
    "69.Which of the following methods is used to find the inverse of a matrix?": "#All of the above",
    "70.Which of the following is a necessary condition for a system of linear equations to have a unique solution?": "#The determinant of the coefficient matrix must be non-zero",
    "71.What does it mean if the determinant of a matrix is zero?": "#The matrix is singular",
    "72.Which method is used to solve a system of linear equations by substitution?": "#Substitution method",
    "73.What does it mean if the determinant of a matrix is zero?": "#The matrix is singular"
	}
					
}	